{"type":"Feature","properties":{"name":"Kashyap Meer","preset":"india","region_id":36,"reference":"Traditional boundary of the princely state of Jammu and Kashmir","source":"Natural Earth 5.1.1 admin-1 and disputed areas, public domain","admin1_ids":["IND-20012","IND-2431","KAS+00?","PAK-1109","PAK-1111"],"disputed_ids":["B06","B07"],"historical_reference":"https://catalog.archives.gov/id/266783031","note":"Generalized historical game boundary; reconstructed, not a surveyed 1947 boundary."},"geometry":{"type":"Polygon","coordinates":[[[72.51560428897338,35.903959453621226],[72.51560429013368,35.90395945555615],[72.58815799070146,36.01279000550846],[72.58815799610095,36.01279001461857],[72.58815800050674,36.0127900242486],[72.58815800386944,36.01279003429056],[72.58908816807113,36.01614895957531],[72.5890881701049,36.016148968483805],[72.589088171317,36.01614897754075],[72.5890881716973,36.01614898667053],[72.58908817124264,36.01614899579691],[72.5890881699568,36.01614900484368],[72.58908816785053,36.016149013735316],[72.58836470833269,36.01868112429596],[72.58836470574838,36.01868113210859],[72.58836470253047,36.018681139682286],[72.58071659529008,36.03480417688343],[72.58071659447697,36.03480417880038],[72.58071659399599,36.03480418081941],[72.57916630604393,36.04276232270215],[72.57916630342942,36.042762333111305],[72.57916629971442,36.04276234318031],[72.5791662949417,36.042762352793176],[72.57916628916627,36.0427623618392],[72.57916628245464,36.04276237021416],[72.57265507715158,36.05004871881303],[72.57265506936774,36.050048726612424],[72.57265506077304,36.05004873350806],[72.5412358007484,36.07252797373003],[72.54123579905345,36.0725279750569],[72.5412357976176,36.07252797664968],[72.53803186144296,36.076403704877826],[72.53803185998196,36.07640370683269],[72.53803185871911,36.0764037089211],[72.53627486278702,36.07965931961243],[72.53627486171177,36.07965932186868],[72.53627486086802,36.079659324221005],[72.53524133532129,36.083069959154784],[72.53524133247679,36.08306996726743],[72.535241328946,36.08306997510578],[72.53121057229028,36.09107981253414],[72.5312105714817,36.091079814310795],[72.5312105708143,36.0910798161458],[72.52914351470064,36.097539365826464],[72.5291435140127,36.097539368468944],[72.52914351391819,36.097539371198316],[72.52924686660718,36.10260365565649],[72.52924686673535,36.102603657723655],[72.52924686703454,36.1026036597731],[72.53028039566206,36.10808135646286],[72.53028039747542,36.108081363341185],[72.53172733527101,36.11231882499186],[72.53172733641213,36.11231882777214],[72.53172733787997,36.11231883039447],[72.53441450836851,36.11650461694061],[72.53441450970682,36.11650461882676],[72.5344145112139,36.11650462058054],[72.5602527102089,36.14389311122746],[72.56025271620764,36.143893118202854],[72.56025272153994,36.143893125700025],[72.56025272616066,36.14389313365552],[72.56025273003068,36.14389314200201],[72.56025273311727,36.14389315066884],[72.56211306986367,36.1499909197164],[72.56211307216721,36.14999092875887],[72.56211307361787,36.149990937976675],[72.56211307420301,36.149990947289574],[72.56211307391754,36.14999095661647],[72.56211307276395,36.14999096587615],[72.56211307075228,36.149990974987986],[72.56056278911458,36.15572701443947],[72.56056278555275,36.15572702516895],[72.56056278080263,36.15572703542784],[72.56056277492492,36.15572704508501],[72.55312138142979,36.16652740203949],[72.55312137788596,36.16652740803994],[72.55136438129894,36.17004140031477],[72.55136438036732,36.17004140241624],[72.55136438026193,36.170041404707376],[72.55136438026193,36.17355539788473],[72.55136438033989,36.173555399855694],[72.55136438057326,36.17355540181408],[72.55384484854659,36.18911000392545],[72.5538448496447,36.18911000905986],[72.56490360474754,36.230141090723855],[72.56490360540711,36.230141092804146],[72.56490360624612,36.230141094819004],[72.56800418990429,36.23675567574793],[72.56800419080832,36.23675567749401],[72.56800419184711,36.23675567916358],[72.57203495165467,36.24269846390334],[72.572034954644,36.24269846787076],[72.57802941778115,36.24988148881145],[72.57802942081271,36.24988149212876],[72.58598758792547,36.25783965924152],[72.58598759264747,36.257839663402734],[72.59425581678127,36.264247537421184],[72.59425582043663,36.264247540000724],[72.60748498311806,36.27272247140203],[72.60748498529587,36.272722472646855],[72.60748498767917,36.27272247342963],[72.62185103190951,36.276649881606],[72.62185103694266,36.27664988270659],[72.63342655172481,36.27856190971389],[72.63342655769603,36.27856191033459],[72.64293501535835,36.27897532212382],[72.64293502130867,36.278975322027726],[72.6545105365861,36.278096822365704],[72.65451053861716,36.2780968221275],[72.65451054057544,36.27809682156221],[72.68086550506824,36.269311833697735],[72.68086551457802,36.269311831041634],[72.68086552430336,36.2693118293363],[72.68086553414948,36.26931182859837],[72.68696331993172,36.26915680071022],[72.6869633289582,36.26915680088842],[72.68696333793181,36.26915680187998],[72.68696334677944,36.26915680367684],[72.68696335542894,36.26915680626434],[72.69244101495076,36.271068819273104],[72.6924410247009,36.27106882326427],[72.69244103397703,36.271068828259075],[72.6924410426762,36.27106883420208],[72.69244105070183,36.27106884102733],[72.69244105796486,36.271068848659056],[72.71393843492244,36.29618357267487],[72.71393843648268,36.296183574337356],[72.71393843818821,36.296183575850336],[72.71879601947391,36.300110981785814],[72.71879602106412,36.30011098297019],[72.71879602274356,36.300110984024656],[72.73770959283922,36.3109630318947],[72.73770959465801,36.31096303284114],[72.73770959654817,36.31096303363495],[72.75269575671352,36.316544086863736],[72.75269576259996,36.316544088651675],[72.76726850662143,36.32000640763662],[72.76726851423412,36.32000640976645],[72.76726852165478,36.32000641249093],[72.77377973957132,36.322693580462236],[72.77377975076602,36.32269358592134],[72.78452843233094,36.32879139556016],[72.78452843944487,36.32879140000019],[72.78452844616177,36.32879140502065],[72.78452845243442,36.32879141058623],[72.8216321194589,36.364603168588154],[72.82163212108529,36.36460317002659],[72.8216321228302,36.36460317131784],[72.83021040679932,36.37039092852638],[72.83021040873317,36.370390929706964],[72.83021041076633,36.3703909307072],[72.8383752825762,36.37395660297197],[72.83837528523902,36.37395660395817],[72.83837528799671,36.37395660463473],[72.86927777335328,36.37969268456624],[72.86927778206535,36.379692686590175],[72.86927779056174,36.37969268938446],[72.86927779877448,36.379692692926724],[72.86927780663785,36.379692697188645],[72.87692588933055,36.384291882853205],[72.87692589794814,36.384291888665814],[72.87692590591578,36.384291895341576],[72.8769259131474,36.384291902808364],[72.88364383375256,36.391991671978396],[72.88364383988898,36.3919916797584],[72.88364384522531,36.39199168810751],[72.88653771102037,36.397055954597825],[72.8865377151651,36.39705596268301],[72.88653771855888,36.397055971111016],[72.88653772117371,36.397055979812265],[72.88653772298801,36.397055988714925],[72.88736454129828,36.40232695330719],[72.88736454227312,36.40232696197845],[72.88736454248831,36.40232697070169],[72.88736454194225,36.402326979410475],[72.88612430835018,36.41395416101752],[72.88612430807001,36.413954165904],[72.88591760343492,36.438913877619115],[72.88591760353448,36.43891388006068],[72.88591760387266,36.43891388248079],[72.88850142345538,36.452504778198204],[72.88850142487904,36.4525047838601],[72.88994836316145,36.457103981731855],[72.88994836403563,36.457103984084696],[72.8899483659461,36.45710398571278],[72.89573612349238,36.461548155240486],[72.89573612547974,36.46154815661825],[72.8957361276959,36.461548157585725],[72.90648482080134,36.465630593982944],[72.90648482345476,36.46563059482431],[72.90648482618542,36.465630595364274],[72.926018511912,36.468369445836274],[72.92601851374786,36.468369446024774],[72.92601851559256,36.468369446077105],[72.95599083866549,36.46811106462515],[72.95599085050247,36.46811106522551],[72.9807955153833,36.47084991300238],[72.98079552600818,36.47084991475894],[72.98079553638254,36.47084991764784],[72.98079554638609,36.470849921635605],[72.98492963053529,36.47276193523982],[72.98492963835398,36.47276193928276],[72.98492964578683,36.47276194399759],[72.9849296527763,36.47276194934777],[72.98492965926823,36.472761955291844],[72.98834026858188,36.47617256460549],[72.98834027553586,36.476172572322525],[72.98834028165177,36.47617258071933],[72.9883402868636,36.476172589705286],[72.9883402911151,36.476172599183435],[72.9883402943604,36.476172609051495],[72.98834029656449,36.47617261920298],[72.98958052284159,36.48376900548753],[72.98958052387881,36.48376901426422],[72.98958052413708,36.483769023098205],[72.98958052361439,36.483769031920495],[72.9895805223148,36.48376904066218],[72.98854699997658,36.48909167921989],[72.98854699743512,36.48909168941335],[72.98854699383831,36.48909169928394],[72.98854698922581,36.48909170872272],[72.98492964890481,36.495602921840195],[72.98492964411182,36.49560292960958],[72.98182906235365,36.500150450480824],[72.98182906132726,36.50015045211912],[72.98182906043088,36.50015045383172],[72.97986535835177,36.50428456517589],[72.97986535749686,36.50428456720299],[72.97986535740029,36.504284569396766],[72.97986535740029,36.50779856114361],[72.97986535753385,36.50779856370169],[72.97986535914067,36.50779856569615],[72.98296594130798,36.511260883588754],[72.98296594288767,36.511260885199135],[72.98296594484324,36.51126088632491],[72.98916711176201,36.514464823405646],[72.98916711370656,36.514464824306685],[72.9891671157212,36.51446482503745],[73.04218712312297,36.53115630735023],[73.0421871338584,36.531156311420894],[73.0421871440565,36.53115631669526],[73.0489050654829,36.53513539461599],[73.04890507386395,36.53513540016745],[73.05500287971434,36.53963123900713],[73.0550028883432,36.53963124614842],[73.0550028961193,36.53963125420988],[73.06306440348416,36.54898466820361],[73.06306440964681,36.54898467612534],[73.06306441498435,36.548984684624905],[73.06306441944304,36.548984693616696],[73.06616499561272,36.55611602096537],[73.0661649985109,36.55611602843644],[73.06616500080155,36.55611603611558],[73.0693689364857,36.568673399335516],[73.06936893711728,36.568673401424654],[73.0693689380998,36.568673403363846],[73.07215946397348,36.57363433705132],[73.07215946505815,36.57363433880568],[73.07215946628402,36.57363434046443],[73.08538862841182,36.59006744081499],[73.08538863292068,36.5900674468703],[73.09448367473038,36.603296598920494],[73.09448367996497,36.60329660741276],[73.09448368432736,36.603296616384306],[73.09448368777419,36.60329662574586],[73.09551720749769,36.60660388778181],[73.09551721001796,36.606603897553924],[73.09551721154047,36.6066039075303],[73.09551721204969,36.60660391760932],[73.09551721204969,36.60949776833088],[73.09551721157253,36.60949777808823],[73.09551721014557,36.60949778775246],[73.09551720778246,36.60949779723134],[73.0930367453916,36.61771432878853],[73.09303674038075,36.61771434195388],[73.07753381562961,36.651148984457414],[73.07753381353844,36.65114898973377],[73.073399700093,36.66360300509422],[73.07339969945056,36.663603007393185],[73.07339969925867,36.663603009772395],[73.07267622922107,36.685875540596406],[73.07267622851249,36.68587554966565],[73.07267622698268,36.685875558632986],[73.07153934779188,36.69109486756339],[73.07153934744346,36.69109486954352],[73.07153934725562,36.69109487154494],[73.07133264191636,36.6949705998036],[73.0713326419043,36.69497060218353],[73.07133264299733,36.694970604297744],[73.07339969808402,36.6985362743672],[73.07339969942392,36.698536276433394],[73.07339970158993,36.698536277605605],[73.07815392859402,36.70081003752554],[73.07815393120322,36.7008100385958],[73.07815393398646,36.70081003905028],[73.09727420677311,36.7028254189871],[73.0972742156385,36.70282542032573],[73.13055382391373,36.709388324599956],[73.13055383296887,36.709388326828865],[73.13055384177702,36.7093883298916],[73.14202599173589,36.713987525947466],[73.14202600039076,36.71398752990509],[73.14202600863021,36.71398753466753],[73.171584918069,36.73300445445058],[73.17158492037137,36.733004455764124],[73.1715849228005,36.73300445682568],[73.17654585520958,36.734864806029385],[73.17654585771854,36.73486480682058],[73.17654586033002,36.73486480650344],[73.18208166514358,36.733890915407166],[73.18208166778487,36.73389091479213],[73.18208167023008,36.73389091361901],[73.1923588439391,36.72825022513603],[73.19235884582915,36.72825022398676],[73.19235884760984,36.72825022267461],[73.20790601155318,36.71569289770906],[73.20848188390183,36.71522777056163],[73.20848189371223,36.71522776357057],[73.2084819042921,36.71522775780989],[73.21344281599006,36.712902330788715],[73.21344282595246,36.712902326756684],[73.21344283629001,36.71290232381708],[73.21344284688335,36.71290232200388],[73.21788699027269,36.71238556066366],[73.21788699952201,36.71238556002087],[73.21788700879111,36.71238556023748],[73.2178870180003,36.71238556131163],[73.24310510095496,36.71651967377266],[73.24310510550531,36.71651967430579],[73.27080366644289,36.71848337774953],[73.27080367366285,36.71848337773811],[73.28754682935521,36.71724314491576],[73.28754683909466,36.717243144670206],[73.29633181932871,36.71744984991814],[73.29633182830517,36.717449850534244],[73.29633183718991,36.717449851954704],[73.31410851681443,36.721118875411044],[73.31410852566496,36.72111887766357],[73.41601444311681,36.75207305845806],[73.41601444532219,36.75207305901897],[73.41601444759706,36.7520730589598],[73.42965702098189,36.7510912073497],[73.42965702530245,36.75109120684899],[73.45384159187054,36.74721547580543],[73.45384159670701,36.74721547478272],[73.5139929532952,36.731350812346285],[73.51399296075945,36.73135081068008],[73.5139929683292,36.73135080958919],[73.51988406407541,36.73073069382147],[73.519884074093,36.73073069327303],[73.51988408411513,36.73073069373111],[73.54138146671023,36.73279774999202],[73.5413814734602,36.732797750182435],[73.55316369338014,36.73233266242386],[73.55316369592902,36.732332662191695],[73.55316369844073,36.73233266169927],[73.55750451475795,36.73124745717029],[73.55750451659677,36.731247456634826],[73.55750451838917,36.73124745595988],[73.56535931699162,36.7279401719118],[73.56535932548401,36.72794016878051],[73.56535933422475,36.72794016642994],[73.56535934314223,36.72794016487933],[73.56535935216338,36.72794016414139],[73.5710437268722,36.72773346066934],[73.57104373667144,36.72773346079352],[73.57104374641146,36.72773346187629],[73.57104375599873,36.72773346390723],[73.57672814351928,36.72923207418977],[73.5767281569239,36.72923207876088],[73.59068078324549,36.73512318925099],[73.5906807857234,36.735123190145586],[73.59068078833401,36.73512319049823],[73.59481224418971,36.73545947107772],[73.5951249566737,36.73548492528736],[73.59512495911557,36.735484925364425],[73.59512496117965,36.735484924057396],[73.59915571852855,36.73264272301673],[73.59915572047423,36.732642721494614],[73.5991557220809,36.732642719618276],[73.60763065296922,36.72168732146005],[73.60763066014574,36.72168731316607],[73.61352176405921,36.71558950307902],[73.61352177419623,36.71558949392837],[73.61712086643479,36.71276163753953],[73.61786258089613,36.712178861827105],[73.61786259076294,36.71217885499083],[73.61786260137778,36.71217884938606],[73.62230674652027,36.710163480215265],[73.62230675479962,36.710163476897435],[73.6223067633417,36.71016347433054],[73.62230677207852,36.710163472535],[73.62230678094056,36.7101634715251],[73.62830122412738,36.70975006106092],[73.62830123411894,36.70975006087237],[73.65486291240062,36.710576883826036],[73.65486291527716,36.7105768837492],[73.65486291812559,36.71057688334095],[73.66199426076739,36.70912994444971],[73.66199426299417,36.70912994389003],[73.66199426516008,36.70912994312786],[73.67336306482237,36.704530747027604],[73.67336307352912,36.70453074396481],[73.67336308248116,36.70453074171781],[73.67336309160225,36.70453074030575],[73.67863406061325,36.7039623025065],[73.67863406978049,36.703962301942106],[73.67863407896084,36.70396230222117],[73.67863408807688,36.703962303341356],[73.68411176162473,36.704892474609615],[73.68411177088085,36.704892476636765],[73.68411177990353,36.70489247953088],[73.6841117886118,36.70489248326599],[73.6953772293253,36.7103701751832],[73.69537723744666,36.71037017960766],[73.69537724512453,36.710370184763484],[73.71511763333986,36.724994607509565],[73.71511763543045,36.72499460890048],[73.71511763775781,36.72499460984343],[73.72121545189852,36.72711334256134],[73.72121545434688,36.72711334327319],[73.72121545689575,36.72711334320729],[73.7285535051989,36.72654490191475],[73.72855350761736,36.726544901607824],[73.72855350999433,36.726544901066084],[73.73630496952973,36.72437449300775],[73.73630497457277,36.724374491301134],[73.75625206074552,36.71641632719194],[73.75625207060098,36.71641632384321],[73.75625208075114,36.716416321537075],[73.75625209108603,36.716416320298514],[73.76162640736185,36.71605458726473],[73.76162641831951,36.716054587128994],[73.76162642922623,36.71605458819307],[73.76162643995103,36.716054590444166],[73.76741417382206,36.71760487575647],[73.76741418514928,36.71760487952834],[73.76741419594626,36.717604884623235],[73.78715458005932,36.72840525161901],[73.7871545822602,36.728405252686024],[73.78715458462716,36.72840525330203],[73.79087528305725,36.729180399595194],[73.79087528527783,36.729180399954174],[73.79087528751789,36.729180399908074],[73.80193403879312,36.72845693066918],[73.80193404071277,36.728456930468795],[73.80193404261105,36.728456930120664],[73.83335331023346,36.72142893518337],[73.8333533145255,36.72142893402058],[73.85423058491376,36.714762676827114],[73.8542305968094,36.714762673818974],[73.87397097313719,36.71104197462999],[73.87397098276384,36.71104197329612],[73.87397099247451,36.71104197290302],[73.87397100217748,36.7110419734544],[73.87934532310975,36.71161041121936],[73.87934533226365,36.71161041261872],[73.87934534124886,36.71161041485884],[73.87934534998834,36.71161041792051],[73.88575317631964,36.71419421938271],[73.88575318533245,36.7141942235484],[73.88575319388775,36.71419422858732],[73.88575320190117,36.714194234449806],[73.88575320929374,36.71419424107806],[73.88575321599255,36.71419424840675],[73.8857532219316,36.714194256363605],[73.88575322705229,36.7141942648702],[73.88575323130418,36.71419427384267],[73.88813032243061,36.71993029688992],[73.88813032548488,36.71993030530714],[73.88813032777396,36.71993031396383],[73.8881303292795,36.71993032279058],[73.88813032998944,36.71993033171662],[73.88813032989808,36.71993034067038],[73.88782027246283,36.725563039352494],[73.88782027134953,36.725563049708455],[73.88782026916509,36.72556305989245],[73.88658003912197,36.73016224944996],[73.8865800385744,36.73016225200816],[73.8865800382981,36.730162254609425],[73.88637333209056,36.7340379831857],[73.88637333207718,36.73403798555434],[73.8863733325127,36.73403798788264],[73.88730350735322,36.73796539076642],[73.88730350807738,36.737965393243876],[73.88730350905398,36.73796539563313],[73.89143761549221,36.746750373275844],[73.89143761940318,36.746750382840546],[73.89143762230624,36.74675039275777],[73.89143762417038,36.746750402921634],[73.8920577368686,36.75150460387169],[73.89205773767162,36.75150461408828],[73.8920577374248,36.751504624333414],[73.89205773613074,36.75150463449948],[73.89123091645386,36.75610381709735],[73.89123091451604,36.75610382568588],[73.89111865690046,36.75651593036588],[73.88897562192739,36.764383128578515],[73.8873035153516,36.77052151936225],[73.88730351254661,36.77052152806801],[73.88730350895791,36.77052153648106],[73.88730350461553,36.770521544531036],[73.88730349955578,36.77052155215057],[73.88730349382102,36.77052155927593],[73.8873034874592,36.7705215658475],[73.88723528897737,36.77058585075639],[73.8869789039532,36.770827525569814],[73.88099898843292,36.7764643302323],[73.88099897779823,36.77646433895669],[73.86901005584262,36.78499094418194],[73.86901004594017,36.78499095038677],[73.86808107388242,36.785499998925786],[73.81299280036455,36.815686746637965],[73.81299279806409,36.815686748066405],[73.8129927959322,36.81568674973621],[73.81218732918188,36.816391533142735],[73.7989368183354,36.82798572878442],[73.79893681128638,36.8279857344118],[73.79893680375898,36.82798573938112],[73.79893679581443,36.82798574365197],[73.7977682892751,36.82854752624729],[73.78550094119744,36.83444528933113],[73.78550093017246,36.83444529384427],[73.77475224665567,36.83811431600644],[73.77475223772397,36.83811431859827],[73.77475222859012,36.838114320349135],[73.73775191485203,36.84343699224528],[73.73775191293717,36.84343699259749],[73.73775191105543,36.84343699309798],[73.7302071562962,36.84576242971805],[73.7302071501348,36.84576243207288],[73.7250395131498,36.84813954612922],[73.72503950738626,36.84813954925407],[73.72302077768671,36.84941222579357],[73.7202852802579,36.851136778931],[73.72028527840511,36.8511367802198],[73.72028527667675,36.85113678167054],[73.71449751950585,36.856459451123314],[73.71449751783518,36.856459452814036],[73.71449751651625,36.8564594547915],[73.71170699207605,36.86111032945808],[73.71170699082161,36.86111033183063],[73.71170699010538,36.861110334417205],[73.71165679142774,36.86133902307745],[73.71155815378575,36.861788368438454],[73.70891646320584,36.87382273233882],[73.7089164628261,36.87382273453528],[73.70891646304447,36.87382273675345],[73.71170699068506,36.893201396127495],[73.71184199026786,36.8941388919811],[73.71184199071361,36.89413889427695],[73.71184199305208,36.894138894309556],[73.7728918841614,36.89201283809896],[73.7728918898092,36.892012837580154],[73.83407678087511,36.88286610931775],[73.83407678297864,36.88286610891024],[73.83407678503931,36.88286610832373],[73.86508264020908,36.87258249959413],[73.86508264197269,36.87258249893435],[73.86508264368139,36.87258249814355],[73.94693809786155,36.83087962418432],[73.94693810607832,36.83087962045503],[73.94693811459781,36.8308796174816],[73.94693812335066,36.830879615288254],[73.9767037336201,36.82483347648348],[73.97670373832189,36.82483347528813],[74.00636599293358,36.81573842831314],[74.00636600236867,36.81573842591577],[74.00636601199213,36.81573842444716],[74.00636602171281,36.81573842392124],[74.03530479568724,36.815583394071346],[74.03530480450127,36.81558339441315],[74.03530481325089,36.81558339553033],[74.03530482186802,36.81558339741419],[74.09431926774617,36.83124134676896],[74.094319276481,36.83124134952036],[74.0943192849275,36.831241353059326],[74.09431929301482,36.831241357356156],[74.09431930067514,36.83124136237482],[74.09431930784422,36.83124136807323],[74.09431931446191,36.83124137440359],[74.10393108984704,36.84131823477502],[74.10393109659226,36.841318242622314],[74.10393110249044,36.841318251124655],[74.1039311074784,36.84131826019099],[74.10393111150275,36.84131826972423],[74.10393111452038,36.84131827962232],[74.10393111649898,36.84131828977925],[74.10878869565256,36.87563140654561],[74.10878869611834,36.875631408964836],[74.10878869705157,36.87563141124498],[74.1152999259771,36.88953236681601],[74.1152999270895,36.8895323689204],[74.11529992905103,36.889532370268945],[74.12966597310893,36.89842071483007],[74.12966597503673,36.89842071590736],[74.12966597718024,36.89842071643823],[74.1459957255664,36.90170216851105],[74.14599572800623,36.901702168876476],[74.14599573047019,36.90170216875349],[74.21172813062425,36.89513926393457],[74.2117281402236,36.89513926344039],[74.21172814982606,36.895139263870135],[74.2117281593429,36.89513926521982],[74.21172816868618,36.89513926747698],[74.23570600072206,36.9021672528151],[74.23570601001994,36.90216725604513],[74.23570601895521,36.9021672601736],[74.23570602744135,36.90216726516049],[74.28459191671094,36.934232481498555],[74.2845919214396,36.93423248424246],[74.3681010278243,36.97676218436419],[74.3681010378359,36.976762190217585],[74.39404260107862,36.99402211372166],[74.39404260304221,36.994022114901185],[74.3940426052535,36.99402211549899],[74.43559045200332,37.003220520558024],[74.43559045401155,37.0032205209172],[74.43559045604218,37.00322052111108],[74.45698449444755,37.0043832398613],[74.4569844969871,37.00438323986938],[74.45698449947542,37.00438323936166],[74.47662153840882,36.999318950668304],[74.47662154094225,36.99931894986821],[74.47662154324809,36.999318948548186],[74.48034224238097,36.99691599604578],[74.48034224395506,36.99691599494096],[74.48034224543949,36.99691599371813],[74.4836495332933,36.9939704414108],[74.48364953833034,36.99397043622375],[74.50173627873728,36.972421376844586],[74.50173628448708,36.97242137055854],[74.50173629075105,36.9724213647847],[74.50173629748372,36.97242135956495],[74.52137329424934,36.9584945940641],[74.5213733021669,36.958494588990916],[74.52137331052597,36.95849458468386],[74.52137331925265,36.95849458118102],[74.52137332826977,36.95849457851337],[74.52137333749761,36.95849457670449],[74.52137334685455,36.95849457577039],[74.52137335625785,36.958494575719314],[74.52137336562438,36.95849457655172],[74.52137337487132,36.95849457826026],[74.53739296429742,36.962241094569606],[74.5373929733493,36.96224109714127],[74.53739298211936,36.9622411005524],[74.53739299052997,36.96224110477278],[74.53739299850663,36.962241109765046],[74.53739300597871,36.962241115484986],[74.53739301288007,36.96224112188195],[74.53739301914958,36.9622411288993],[74.53739302473171,36.962241136474894],[74.53739302957705,36.96224114454165],[74.53739303364269,36.96224115302813],[74.53739303689262,36.9622411618592],[74.53739303929808,36.96224117095665],[74.54421431453763,36.994022112845684],[74.54421431509287,36.99402211497152],[74.54421431600917,36.99402211695865],[74.54814171658508,37.00164437560905],[74.5481417209682,37.00164438536436],[74.54814172428445,37.001644395531976],[74.54814172649587,37.0016444059956],[74.54927860268232,37.00893074473662],[74.54927860375876,37.00893075527553],[74.54927860371427,37.008930765869174],[74.54927860254935,37.00893077639867],[74.54927860027705,37.00893078674584],[74.5474182598396,37.015674518831894],[74.54741825640858,37.01567452907519],[74.54741825189265,37.015674538888625],[74.5474182463445,37.01567454815767],[74.5474182398289,37.01567455677416],[74.5423539645978,37.0216690041089],[74.54235396318943,37.021669005953946],[74.5423539652891,37.02166900694375],[74.56178429979967,37.029678853093],[74.56178430203313,37.02967885389166],[74.56178430433242,37.02967885447444],[74.62606977754213,37.04275298989005],[74.62606978830092,37.04275299270929],[74.66244998966782,37.05448354024802],[74.66244999200823,37.05448354087794],[74.66244999441184,37.05448354056592],[74.67795291868396,37.05169301441696],[74.67795292094402,37.05169301389933],[74.67795292257625,37.05169301225253],[74.69221560985096,37.035880033926226],[74.6922156173791,37.03588002642315],[74.69221562566108,37.03588001976147],[74.7191906896054,37.016449705291976],[74.7191906980936,37.01644969980721],[74.71919070709204,37.016449695207186],[74.71919071650882,37.016449691538874],[74.71919072624776,37.01644968883974],[74.71919073620938,37.01644968713735],[74.71919074629197,37.01644968644911],[74.79257124563436,37.01515777604169],[74.79257124796592,37.01515777589012],[74.79257124997233,37.015157774692725],[74.82430055288336,36.9941254846491],[74.82430056126502,36.9941254796637],[74.82430057009242,36.99412547551844],[74.82430057928163,36.99412547225273],[74.82430058874525,36.99412546989764],[74.82430059839325,36.994125468475566],[74.8243006081339,36.994125468000036],[74.82450728154022,36.994125468000036],[74.824507283944,36.9941254678817],[74.82450728555715,36.99412546609574],[74.85323937807759,36.958985496351374],[74.85323938162361,36.95898549143319],[74.86088749075655,36.94689321096612],[74.86088749189855,36.94689320895968],[74.86088749244355,36.94689320671647],[74.86677860171442,36.91655915991844],[74.8667786045136,36.91655914889662],[74.86677860854603,36.916559138263864],[74.86677861375955,36.916559128157665],[74.87235961931269,36.90710242494262],[74.87235962460676,36.90710241688634],[74.87235963065196,36.90710240937725],[74.8723596373921,36.90710240248514],[74.87235964476456,36.90710239627404],[74.87235965270082,36.90710239080169],[74.87235966112713,36.90710238611894],[74.87235966996518,36.90710238226931],[74.87235967913284,36.90710237928857],[74.87235968854492,36.90710237720441],[74.87235969811394,36.90710237603622],[74.87235970775097,36.90710237579484],[74.87235971736648,36.90710237648253],[74.8723597268711,36.90710237809287],[74.87235973617648,36.90710238061093],[74.88579549925153,36.911443165096685],[74.88579550835743,36.911443168536444],[74.88579551708575,36.91144317284522],[74.88579552535381,36.911443177982186],[74.88579553308328,36.91144318389867],[74.88579554020089,36.91144319053861],[74.88579554663923,36.9114431978391],[74.88579555233729,36.91144320573096],[74.89199669626299,36.92097746610424],[74.89199670100943,36.920977474211206],[74.89199670497419,36.9209774827278],[74.89199670812225,36.92097749157886],[74.900781697345,36.9499162778421],[74.90078169809138,36.949916279953236],[74.90078169937469,36.9499162817878],[74.91049686550072,36.962551166050105],[74.91049686708055,36.962551167908025],[74.91049686913242,36.96255116922615],[74.92496626601908,36.97087107286093],[74.92496626804372,36.97087107390506],[74.92496627015515,36.970871074760055],[74.94232954690959,36.976994729910146],[74.94232955320646,36.97699473167689],[74.9768494035226,36.9842811074771],[74.97684940601374,36.984281107872455],[74.97684940853222,36.98428110801396],[75.01446984266913,36.98448781297074],[75.0144698532977,36.98448781359593],[75.10014937078,36.99412546775031],[75.10014937300238,36.9941254679002],[75.10014937520693,36.99412546765289],[75.1185461817463,36.99123158835457],[75.11854618397454,36.991231587899065],[75.11854618607411,36.99123158704945],[75.13280887678539,36.984694520015104],[75.13280887894024,36.984694518897435],[75.13280888097631,36.98469451757535],[75.16123090785615,36.964204819871135],[75.16123091625187,36.9642048144352],[75.1612309251486,36.96420480986514],[75.19513064427083,36.94888275730145],[75.19513065218803,36.94888275412241],[75.19513066034737,36.94888275162979],[75.1951306686895,36.94888274984174],[75.31346968400526,36.928754781339386],[75.31346968597987,36.9287547809207],[75.31346968791432,36.92875478034371],[75.3512968329412,36.91578399770603],[75.35129683495394,36.915783996916424],[75.35129683669449,36.91578399563402],[75.37796187210765,36.89428660252577],[75.37796187390856,36.89428660092342],[75.3779618751728,36.894286598870835],[75.39449833069314,36.864262596372946],[75.39449833186106,36.864262593950656],[75.39449833248086,36.86426259133417],[75.40142297242015,36.825867007216004],[75.40142297315616,36.825867000736054],[75.40338667766451,36.78478424802014],[75.40338667931425,36.78478423409581],[75.4105180209061,36.7473188537617],[75.41051802344705,36.747318843436084],[75.41051802707007,36.747318833438655],[75.4105180317342,36.74731882388247],[75.4105180373867,36.74731881487558],[75.41051804396365,36.74731880651983],[75.43191204056903,36.72292758341425],[75.43191204765718,36.72292757611772],[75.43191205544994,36.72292756957906],[75.43191206386668,36.72292756386593],[75.43191207282028,36.72292755903745],[75.4319120822181,36.72292755514359],[75.4319120919629,36.72292755222464],[75.43191210195381,36.7229275503108],[75.43191211208747,36.72292754942188],[75.49258015363243,36.720705466698355],[75.49258016328191,36.72070546681086],[75.4925801728756,36.720705467852945],[75.4925801823242,36.72070546981491],[75.49258019153967,36.720705472678475],[75.49258020043624,36.720705476416974],[75.49258020893102,36.7207054809956],[75.49258021694492,36.720705486371706],[75.4925802244033,36.720705492495235],[75.49258023123672,36.72070549930915],[75.49888470936833,36.72763008983076],[75.49888471519591,36.72763009684969],[75.49888472035961,36.72763010437048],[75.4988847248164,36.72763011233057],[75.49888472852923,36.7276301206637],[75.49888473146719,36.727630129300515],[75.50188195734857,36.73796539075332],[75.50188195810033,36.73796539295499],[75.50188195924854,36.73796539497846],[75.50797977564444,36.74762888485175],[75.50797977708213,36.74762888689261],[75.50797977942932,36.7476288877429],[75.57050825882047,36.76674916533355],[75.5705082610097,36.766749165895305],[75.57050826325057,36.766749165639155],[75.64977990436478,36.75403676442262],[75.64977990696265,36.75403676386245],[75.64977990948587,36.754036763028786],[75.72874149257464,36.72318593533844],[75.72874149919242,36.723185932174374],[75.79054650662096,36.687839255360664],[75.7905465112161,36.68783925238731],[75.8497676983682,36.64474111118756],[75.84976769994698,36.64474110993813],[75.84976770141962,36.64474110856573],[75.87477909220136,36.61947133581739],[75.87477909389825,36.61947133391793],[75.87477909539227,36.61947133185531],[75.97658166354952,36.46263336423487],[75.97658166486958,36.46263336194243],[75.97658166567496,36.46263335942274],[75.9768113990001,36.461755995000075],[75.98108271483545,36.445443636552724],[75.98108271782176,36.445443627091024],[75.98108272173098,36.44544361797182],[75.98108272652463,36.445443609284894],[75.98108273215553,36.44544360111575],[75.98108273856825,36.445443593544816],[75.98108274569964,36.44544358664662],[75.9810827534795,36.44544358048906],[75.98108276183127,36.44544357513277],[75.98108277067271,36.44544357063047],[75.98108277991679,36.44544356702647],[75.98108278947252,36.44544356435626],[75.98108279924581,36.445443562646126],[76.14928429970973,36.42454783228463],[76.14928430194703,36.42454783190115],[76.14928430350245,36.42454783024773],[76.23899455289386,36.319903096950654],[76.23899455969361,36.3199030897702],[76.23899456716933,36.319903083296474],[76.23899457524792,36.319903077592784],[76.23899458385036,36.31990307271491],[76.23899459289252,36.31990306871056],[76.23899460228598,36.31990306561889],[76.23899461193888,36.319903063470136],[76.23899462175682,36.31990306228531],[76.23899463164376,36.319903062076],[76.23899464150304,36.31990306284426],[76.31857629146684,36.33008331267597],[76.31857629398999,36.33008331286851],[76.31857629645364,36.33008331229104],[76.3888562396759,36.30977447567163],[76.38885624192325,36.30977447490265],[76.38885624319262,36.30977447289527],[76.42864707956062,36.23954623124979],[76.4286470849845,36.23954622271432],[76.42864709124272,36.23954621477031],[76.42864709827131,36.23954620749901],[76.42864710599835,36.23954620097478],[76.42864711434483,36.23954619526435],[76.42864712322539,36.239546190426125],[76.46926476388074,36.22001251642393],[76.46926477111259,36.220012513290655],[76.46926477856873,36.22001251073664],[76.56827680098075,36.19040192119271],[76.56827681038094,36.190401918870776],[76.56827681996161,36.19040191746885],[76.56827682963296,36.190401917000074],[76.66894250271129,36.190401917000074],[76.66894250497096,36.190401916896576],[76.66894250695239,36.190401915805225],[76.71875858415085,36.159912823131876],[76.71875858593744,36.159912821928984],[76.71875858735436,36.15991282030724],[76.75865279046184,36.11004506692291],[76.75865279189134,36.11004506494366],[76.75865279268261,36.11004506263401],[76.7789099523514,36.039816795249166],[76.77890995289124,36.03981679298466],[76.77890995300015,36.03981679065925],[76.77890995300015,35.910264023469004],[76.77890995346701,35.91026401381733],[76.77890995486324,35.91026400425578],[76.7789099571758,35.91026399487363],[76.7789099603831,35.91026398575848],[76.7789099644552,35.910263976995445],[76.77890996935405,35.91026396866635],[76.77890997503394,35.91026396084896],[76.77890998144181,35.910263953616266],[76.77890998851785,35.91026394703581],[76.83906130014635,35.859517737749535],[76.83906130823564,35.85951773160047],[76.83906131690719,35.859517726304055],[76.83906132607144,35.85951772191496],[76.83906133563379,35.85951771847851],[76.8390613454955,35.85951771603018],[76.93900353775307,35.840035706438115],[76.93900354219781,35.84003570535842],[77.00856001559073,35.81972686870355],[77.00856001794686,35.819726867885265],[77.0085600200925,35.81972686661356],[77.06860802991643,35.77993601638084],[77.06860803190558,35.779936014914625],[77.06860803316711,35.77993601278962],[77.0895886432511,35.740196878300544],[77.08958864796537,35.74019687029556],[77.08958865340215,35.740196862762616],[77.08958865951452,35.7401968557667],[77.08958866624974,35.740196849368196],[77.08958867354967,35.740196843622336],[77.08958868135132,35.7401968385787],[77.08958868958733,35.740196834280816],[77.08958869818666,35.740196830765775],[77.08958870707508,35.74019682806392],[77.12948286986594,35.73006825803415],[77.20896120475557,35.709656071428945],[77.20896121337391,35.709656069615924],[77.20896122211836,35.70965606856821],[77.20896123092106,35.70965606829393],[77.20896123971377,35.709656068795226],[77.30890344048741,35.71978464774545],[77.30890344552569,35.7197846480001],[77.3485909404044,35.7197846480001],[77.34859094294204,35.719784647868266],[77.34859094475102,35.71978464608384],[77.4213513189155,35.640151309871044],[77.42135132583154,35.64015130300566],[77.42135133338296,35.640151296846035],[77.42135134149808,35.64015129145067],[77.42135135009983,35.640151286870804],[77.4213513591065,35.64015128314993],[77.42135136843257,35.64015128032338],[77.4213513779895,35.640151278418],[77.42135138768649,35.640151277451885],[77.42135139743147,35.64015127743421],[77.42135140713191,35.64015127836513],[77.42135141669567,35.64015128023582],[77.46889367456079,35.651881815398184],[77.46889367693886,35.65188181585965],[77.46889367821898,35.6518818138029],[77.5086845287855,35.580154930189515],[77.50868452987926,35.58015492796184],[77.50868453026489,35.580154925510165],[77.5188131110001,35.48491526300009],[77.5196081697203,35.47743928185558],[77.5196081711697,35.47743927248116],[77.5196081735008,35.47743926328626],[77.51960817669266,35.47743925435359],[77.51960818071652,35.47743924576355],[77.51960818553621,35.477439237593416],[77.51960819110835,35.47743922991671],[77.51960819738278,35.477439222802516],[77.51960820430308,35.477439216314835],[77.51960821180695,35.47743921051205],[77.51960821982688,35.47743920544637],[77.51960822829072,35.477439201163385],[77.51960823712228,35.47743919770163],[77.51960824624213,35.477439195092245],[77.51960825556819,35.47743919335872],[77.66061322636132,35.45809519700831],[77.66061323609989,35.45809519615463],[77.66061324587527,35.45809519625592],[77.66061325559406,35.458095197311216],[77.68965538198742,35.46269439478096],[77.68965539118463,35.46269439668401],[77.68965540016274,35.46269439944151],[77.68965540884254,35.46269440302914],[77.7167338408669,35.475406797590196],[77.7167338508281,35.47540680297489],[77.74742964509753,35.494320372827765],[77.74742964704464,35.494320373910604],[77.74742964914522,35.49432037462641],[77.76034875238618,35.4980927522368],[77.76034875502589,35.49809275285391],[77.76034875771715,35.49809275318049],[77.77357791952083,35.498971252835354],[77.77357792199602,35.49897125287651],[77.77357792446294,35.49897125267193],[77.80034631355724,35.49540557905912],[77.80034631444423,35.495405578945004],[77.82949181798486,35.49178822937428],[77.82949182394772,35.49178822826315],[77.86029096690652,35.48408844202348],[77.8602909750561,35.48408844034294],[77.86029098331719,35.484088439345754],[77.88984986673333,35.48176300314514],[77.8898498774041,35.48176300287711],[77.88984988804266,35.481763003747986],[77.88984989852777,35.48176300574786],[77.88984990874,35.48176300885394],[77.88984991856297,35.48176301303084],[77.91517131910877,35.49416533182882],[77.91517132759786,35.494165336509965],[77.9151713355938,35.494165341991106],[77.91517134302144,35.49416534822072],[77.91517134981098,35.49416535514027],[77.9151713558986,35.494165362684726],[77.9151713612271,35.49416537078318],[77.93201785872166,35.52269072775557],[77.93201786268192,35.522690735153624],[77.93201786600797,35.522690742857655],[77.94121626717524,35.54672027384518],[77.94121626809171,35.546720275943876],[77.94121626954701,35.54672027771228],[77.95475549135728,35.56170644018166],[77.95475549305486,35.56170644188495],[77.95475549544739,35.56170644212752],[77.98452111545278,35.563256734867394],[77.98452111798689,35.56325673487001],[77.98452112046904,35.563256734359115],[78.07330121994411,35.54020904835109],[78.07330122907004,35.540209046431215],[78.07330123833513,35.54020904536982],[78.10161988804781,35.53829701975235],[78.10161989822103,35.53829701958426],[78.10161990835867,35.53829702045079],[78.1016199183558,35.53829702234297],[78.10161992810889,35.5382970252412],[78.101619937517,35.53829702911548],[78.11484904377656,35.54454984840615],[78.11484905238682,35.544549853002685],[78.11484906050794,35.544549858416715],[78.1148490680626,35.54454986459667],[78.11484907497879,35.54454987148366],[78.11484908119066,35.544549879012095],[78.114849086639,35.54454988711025],[78.11484909127194,35.544549895700975],[78.1148490950453,35.54454990470243],[78.12880171619842,35.582997129790975],[78.12880171710005,35.582997131952915],[78.12880171820021,35.58299713402008],[78.14234094174455,35.60578643588672],[78.14234094309417,35.60578643792337],[78.14234094481577,35.605786439657216],[78.16187463240671,35.62361480554581],[78.16187463405674,35.623614806926184],[78.16187463591241,35.623614807997996],[78.18554243751927,35.63596547370545],[78.18554244005668,35.635965474853855],[78.18554244270642,35.635965475711714],[78.22936403461767,35.647489313640044],[78.22936404450682,35.64748931679777],[78.22936405401533,35.647489320963686],[78.22936406304072,35.64748932609291],[78.22936407148572,35.647489332130164],[78.24104291842231,35.65679106937173],[78.24104292746729,35.656791077523394],[78.24104293545449,35.65679108671392],[78.26099002919727,35.682784319650835],[78.26099003112579,35.68278432187758],[78.26099003330387,35.682784323860865],[78.27576948898604,35.69472157637333],[78.27576949106756,35.69472157788351],[78.27576949341488,35.6947215789334],[78.29261600616539,35.70123280829094],[78.29261600802222,35.70123280892587],[78.29261600992331,35.701232809412936],[78.32992638234794,35.70924265392789],[78.32992639185193,35.709242656463005],[78.32992640106089,35.70924265991957],[78.36672000576016,35.72515899430077],[78.36672001781723,35.72515900051908],[78.40020633729917,35.745416156366154],[78.4002063428853,35.74541615928095],[78.43524295853084,35.76097076290386],[78.43524296103719,35.760970763858126],[78.43524296368997,35.76097076425286],[78.50893354023285,35.767895404800356],[78.50893354865413,35.76789540595453],[78.50893355694697,35.767895407819715],[78.50893356505145,35.7678954103824],[78.54531375442271,35.781124570244664],[78.54531376186502,35.78112457329515],[78.5453137690381,35.781124576933884],[78.65228396550421,35.840914199133515],[78.65228397557607,35.84091420558233],[78.65228398480603,35.84091421318742],[78.66478967103667,35.85254140017464],[78.66478967306804,35.852541401869736],[78.66478967562043,35.85254140256668],[78.73654347763741,35.86805679614838],[78.73654347966777,35.868056796500326],[78.73654348172154,35.86805679651283],[78.77674771976723,35.86665133030393],[78.7767477202962,35.86665133028684],[78.82526392469885,35.86521232969385],[78.82526393372093,35.86521232983351],[78.8252639426937,35.865212330785866],[78.97143042758087,35.88743378313544],[78.97143043004432,35.887433783383884],[78.97143043221264,35.88743378218846],[79.0280835452738,35.852370321541265],[79.02808355404314,35.8523703167036],[79.0280835632524,35.852370312767356],[79.02808357280918,35.85237030977203],[79.02808358261765,35.85237030774765],[79.13253411272575,35.83621688156013],[79.13253412203387,35.83621688056399],[79.13253413139437,35.83621688044261],[79.13253414072518,35.836216881197075],[79.13253414994458,35.83621688282076],[79.13253415897174,35.836216885299436],[79.13253416772756,35.83621688861138],[79.13253417613532,35.83621689272757],[79.13253418412134,35.83621689761194],[79.13253419161562,35.83621690322168],[79.19404949198191,35.88692431644381],[79.1940494991806,35.886924322991284],[79.1940495057088,35.88692433020743],[79.19404951150476,35.88692433802391],[79.19404951651354,35.88692434636671],[79.19404952068776,35.886924355156836],[79.19404952398786,35.88692436431106],[79.19404952638261,35.88692437374268],[79.19404952784932,35.886924383362405],[79.19404952837411,35.88692439307914],[79.19404952795202,35.88692440280088],[79.19404952658702,35.88692441243557],[79.18362105345031,35.941321510651875],[79.18362105312603,35.9413215129267],[79.18362105526538,35.94132151376543],[79.2900745011042,35.97728830902163],[79.29007450403797,35.977288309816885],[79.29007450704673,35.977288310248476],[79.32366418248014,35.98002716079464],[79.32366418499753,35.98002716087221],[79.32366418750986,35.9800271606953],[79.36366174020921,35.975169576339034],[79.36366174296363,35.97516957584615],[79.36366174564509,35.97516957504745],[79.40024865460641,35.961992086862274],[79.40024865693185,35.96199208588845],[79.40024865885718,35.9619920842607],[79.42391646122637,35.939822898661525],[79.42391646289069,35.93982289694338],[79.42391646333378,35.939822894592965],[79.42825727800457,35.90850702225355],[79.42825727993953,35.908507012148846],[79.42825728290246,35.90850700229643],[79.42825728686203,35.90850699280059],[79.42825729177632,35.90850698376184],[79.42825729759329,35.90850697527585],[79.42825730425139,35.90850696743245],[79.42825731168013,35.90850696031466],[79.42825731980088,35.908506953997815],[79.46081927209553,35.885766596130296],[79.46081927981139,35.88576659125009],[79.46081928794015,35.88576658709391],[79.4608192964141,35.885766583696416],[79.46081930516259,35.88576658108592],[79.48864648583954,35.878829284071344],[79.54566613754696,35.86463368811286],[79.54566613845073,35.864633687878886],[79.56757694345322,35.858742574415984],[79.56757694655964,35.8587425736339],[79.62333450806435,35.845650757056454],[79.6233345112668,35.845650756191446],[79.71635662936573,35.81718128637978],[79.71635663188778,35.817181285456016],[79.71635663415267,35.81718128401221],[79.73753682350919,35.80200876305246],[79.73753683106483,35.80200875813952],[79.73753683903212,35.80200875392679],[79.73753684734632,35.80200875044849],[79.73753685593994,35.80200874773287],[79.73753686474313,35.80200874580199],[79.73753687368443,35.80200874467153],[79.79644175115617,35.7972455930577],[79.79644175479716,35.79724559262839],[79.87556080252327,35.78495980237516],[79.87556081211613,35.78495980135644],[79.87556082176253,35.78495980126679],[79.87556083137268,35.78495980210704],[79.87556084085716,35.78495980386938],[79.87556085012768,35.784959806537394],[79.87556085909799,35.78495981008627],[79.87556086768461,35.784959814482974],[79.87556087580762,35.784959819686584],[79.87556088339144,35.78495982564869],[79.91855292046588,35.822250276494536],[79.91855292266119,35.82225027819325],[79.91855292517874,35.82225027936249],[79.96028508939183,35.838863255761474],[79.96028509160503,35.83886325652371],[79.96028509394294,35.83886325663751],[80.00451993463697,35.8389280105863],[80.00451993697902,35.83892801047756],[80.00451993859198,35.83892800877597],[80.03823870875806,35.799762182259784],[80.0382387104188,35.799762180101936],[80.03823871156999,35.79976217763437],[80.05823520869411,35.74993702378129],[80.0582352128184,35.749937014812915],[80.05823521780682,35.74993700629485],[80.05823522361074,35.749936998310105],[80.05823523017362,35.74993699093648],[80.0582352374315,35.749936984245835],[80.0884933443349,35.72468909495922],[80.08849334618822,35.72468909324539],[80.08849334743987,35.72468909105348],[80.11107332499287,35.68000590294611],[80.11107333000103,35.680005894167856],[80.11107333586965,35.68000588593993],[80.11107334253877,35.68000587834637],[80.1110733499403,35.68000587146474],[80.1110733579986,35.68000586536533],[80.11107336663142,35.680005860110434],[80.11107337575055,35.68000585575373],[80.11107338526284,35.680005852339704],[80.11107339507116,35.680005849903246],[80.17790478729216,35.6669499392244],[80.1779047898742,35.66694993857502],[80.17790479237215,35.666949937653804],[80.24357089471796,35.63866059655504],[80.2435708966365,35.638660595629496],[80.24357089846896,35.63866059454369],[80.29150434056281,35.60741849363091],[80.29150434255284,35.60741849218764],[80.29150434361063,35.60741848996871],[80.30597006055316,35.572720566259484],[80.30597006274222,35.57272055979771],[80.3122459857269,35.54896434608112],[80.31224598648599,35.548964342750864],[80.31553058104508,35.53187964191976],[80.3155305812954,35.53187964050896],[80.31921145961238,35.509254059392],[80.31921146116875,35.509254051729165],[80.32711782060021,35.476873832045094],[80.32711782108905,35.476873829452366],[80.32711782102004,35.47687382681486],[80.32631593012829,35.46678158591971],[80.32631592982966,35.46678158359491],[80.32631592757684,35.46678158294767],[80.30943426517666,35.462805772301394],[80.30943425620485,35.462805769741294],[80.30943424751068,35.46280576635618],[80.30943423916983,35.46280576217553],[80.30943423125493,35.46280575723572],[80.28441898687863,35.44552139703625],[80.28441897926497,35.445521391217504],[80.28441897224322,35.445521384696725],[80.28441896587783,35.44552137753379],[80.28441896022728,35.44552136979448],[80.28441895534345,35.445521361549844],[80.28441895127118,35.445521352875616],[80.28441894804787,35.445521343851425],[80.28441894570311,35.44552133456015],[80.28441894425843,35.44552132508711],[80.28441894372712,35.44552131551927],[80.28404515877912,35.395973091902334],[80.28404515839615,35.39597308609386],[80.27771447829403,35.34523386935607],[80.27771447789274,35.34523386704064],[80.2777144766616,35.34523386503903],[80.25549363365063,35.312677745720606],[80.25549362820819,35.3126777367742],[80.25549362373114,35.3126777273077],[80.25549362026861,35.312677717424926],[80.25549361785853,35.31267770723424],[80.25549361652736,35.3126776968474],[80.25549361628968,35.31267768637831],[80.2554936171481,35.31267767594176],[80.26128137164555,35.26988963062116],[80.26128137185832,35.26988962801858],[80.26128137098382,35.26988962555821],[80.2418322795775,35.22315810706955],[80.2418322785427,35.223158104889436],[80.24183227675637,35.22315810326697],[80.20257409746404,35.190850368530896],[80.20257408960093,35.19085036132312],[80.20257408255029,35.1908503533188],[80.20257407639235,35.19085034460902],[80.20257407119718,35.19085033529286],[80.20257406702389,35.19085032547633],[80.18795831902804,35.1506382335153],[80.18795831651315,35.15063822558243],[80.18795831466656,35.15063821746793],[80.18795831350107,35.150638209227985],[80.18324995923876,35.10318146040527],[80.18324995888545,35.103181458022796],[80.18324995830386,35.103181455685515],[80.17384485188505,35.071917225590205],[80.17384484949108,35.0719172159044],[80.17384484807418,35.071917206028246],[80.1626058613762,34.950875168201286],[80.16260586101558,34.95087516570695],[80.16260585969513,34.950875163560674],[80.11655712395158,34.8839307236108],[80.11655712124235,34.88393072002835],[80.07790706891335,34.837333459088235],[80.07790706289516,34.83733345104187],[80.07790705771484,34.837333442432175],[80.07790705342467,34.83733343334609],[80.07790705006798,34.837333423875336],[80.07790704767866,34.837333414115534],[80.07790704628083,34.83733340416523],[80.07387227695126,34.79227487625021],[80.07387227656406,34.79227486582678],[80.07387227726471,34.79227485541972],[80.0738722790456,34.79227484514225],[80.07387228188735,34.792274835106205],[80.07387228575902,34.792274825420755],[80.07387229061852,34.79227481619128],[80.07387229641297,34.79227480751821],[80.08558150050806,34.77658640799925],[80.08558150185915,34.77658640598696],[80.08558150090114,34.776586403760575],[80.06635787448612,34.737415679141044],[80.06635787048494,34.737415669820486],[80.0663578674485,34.737415660142545],[80.04971805861751,34.67313019038535],[80.04971805789151,34.67313018805942],[80.04971805632789,34.67313018619054],[80.03524865863314,34.65747223076722],[80.03524865693925,34.657472229102495],[80.0352486546673,34.657472228410754],[79.99576786547557,34.64749867862539],[79.99576786299451,34.647498678131775],[79.99576786047994,34.647498678409306],[79.93772503300005,34.65692385700008],[79.90729782365821,34.66186472394459],[79.90729781521745,34.66186472494922],[79.90729780672186,34.66186472523337],[79.90729779823283,34.661864724794995],[79.86678352170756,34.65804067318159],[79.86678351247576,34.6580406718736],[79.86678350340591,34.65804066971146],[79.86678349457686,34.658040666713966],[79.86678348606537,34.658040662907176],[79.86678347794545,34.65804065832419],[79.86678347028767,34.65804065300484],[79.86678346315861,34.65804064699538],[79.85210739908015,34.6444497847432],[79.8521073923175,34.644449777844635],[79.85210738625206,34.64444977032572],[79.85210738094044,34.64444976225663],[79.85210737643219,34.644449753712664],[79.8521073727694,34.64444974477356],[79.84456262394315,34.62315908348325],[79.8445626207059,34.62315907232854],[79.83929162654351,34.600059715381526],[79.83929162588682,34.60005971303782],[79.83929162500472,34.600059710769486],[79.83071333907992,34.58083608241982],[79.83071333788544,34.580836080084],[79.83071333602054,34.58083607823844],[79.81335005883639,34.56538482863414],[79.81335005693832,34.56538482710535],[79.81335005467794,34.56538482619427],[79.79443648507281,34.55882192071926],[79.79443648297662,34.55882192009345],[79.79443648083381,34.55882191965376],[79.75144169957818,34.55194895637134],[79.75144169109149,34.55194895463473],[79.75144168278692,34.55194895217016],[79.73149459691115,34.545075992070416],[79.73149458818315,34.545075988596416],[79.73149457981965,34.545075984318736],[79.71361455976088,34.534844064591475],[79.71361455172071,34.53484405946675],[79.71361454420514,34.53484405359959],[79.7136145372825,34.53484404704335],[79.71361453101572,34.53484403985761],[79.70214239587246,34.52034884237261],[79.70214239046454,34.52034883484784],[79.7021423857764,34.52034882685478],[79.70214238184825,34.520348818462075],[79.70214237871384,34.5203488097418],[79.70214237640009,34.52034880076882],[79.70214237492685,34.520348791620194],[79.70214237430679,34.52034878237448],[79.7017289636745,34.500298392707684],[79.70172896401237,34.50029838217894],[79.70172896545594,34.50029837174415],[79.7017289679892,34.500298361519114],[79.70172897158403,34.5002983516173],[79.70172897620054,34.50029834214859],[79.7017289817875,34.50029833321805],[79.71144412423985,34.48644908948812],[79.71144413044205,34.48644908153265],[79.71144413741416,34.48644907424249],[79.71144414508527,34.48644906769185],[79.72550012028744,34.47562286531913],[79.7255001219368,34.475622863931164],[79.72550012346007,34.47562286240607],[79.73676558237155,34.46332387477801],[79.73676558388864,34.46332387295235],[79.73676558416051,34.46332387059421],[79.73800581883849,34.44472036042488],[79.73800581888135,34.44472035803969],[79.73800581741435,34.4447203561586],[79.71268436858293,34.41531646983799],[79.71268436693914,34.415316468106575],[79.71268436461426,34.4153164675638],[79.71058839400013,34.414933212000065],[79.66958622527856,34.407435812416736],[79.66958622299067,34.40743581210705],[79.66958622069475,34.407435812224534],[79.62287073075011,34.41198333773238],[79.62287072529655,34.41198333856935],[79.54359909742008,34.42867482154271],[79.54359908647025,34.42867482322127],[79.54359907540194,34.428674823678406],[79.54359906435099,34.4286748229085],[79.52303189755484,34.4260910085924],[79.52303188762836,34.42609100683322],[79.52303187792945,34.42609100408354],[79.52303186855667,34.42609100037131],[79.52303185960528,34.42609099573426],[79.52303185116624,34.42609099021952],[79.52303184332533,34.426090983883135],[79.52303183616223,34.426090976789496],[79.51031948255297,34.41216423189837],[79.51031947620407,34.41216422420505],[79.51031947065319,34.41216421591751],[79.51031946595555,34.41216420711819],[79.5103194621579,34.412164197894654],[79.51031945929802,34.41216418833867],[79.51031945740436,34.41216417854531],[79.51031945649578,34.41216416861202],[79.50949263583544,34.392165446204125],[79.50949263592081,34.39216543623249],[79.50949263699889,34.39216542631894],[79.50949263905895,34.39216541656205],[79.50949264208052,34.39216540705885],[79.52468550488582,34.351521914981184],[79.52468550672718,34.35152190890163],[79.54835331156427,34.250649517857745],[79.54835331192815,34.25064951598892],[79.54835331214849,34.25064951409781],[79.55155725080215,34.209566754538],[79.5515572508695,34.20956675203742],[79.55155724949043,34.20956674995037],[79.53285038443889,34.184167787953555],[79.53285038293922,34.18416778611164],[79.53285038057876,34.1841677858479],[79.51393681029094,34.1829792281441],[79.51393680800311,34.18297922810553],[79.51393680575632,34.18297922848458],[79.49802049962159,34.186415703956804],[79.49802049054915,34.18641570548269],[79.49802048137487,34.18641570616834],[79.49802047217639,34.18641570600797],[79.4980204630316,34.18641570500292],[79.49802045401785,34.186415703161714],[79.49802044521147,34.18641570049992],[79.49802043668697,34.186415697040076],[79.48820200083159,34.18189404871188],[79.48820199195475,34.18189404407156],[79.48820198358666,34.1818940385665],[79.48820197581126,34.1818940322519],[79.48820196870659,34.181894025191134],[79.48820196234391,34.18189401745504],[79.48820195678707,34.181894009121244],[79.48820195209181,34.18189400027334],[79.48820194830525,34.181893991000116],[79.48820194546536,34.1818939813946],[79.48820194360066,34.18189397155317],[79.48820194272984,34.18189396157457],[79.48727176959214,34.1567276160172],[79.48727176976192,34.15672760542827],[79.48727177105057,34.15672759491668],[79.48727177344364,34.15672758460032],[79.49781376134285,34.12019236527823],[79.49781376188587,34.120192362995056],[79.49781376154493,34.12019236067319],[79.49502323451003,34.10592966960617],[79.49502323387281,34.105929667071614],[79.49502323203998,34.105929665208734],[79.47641972058312,34.088928122446795],[79.47641971729901,34.088928119694344],[79.4485144513668,34.06750824488709],[79.44851444521568,34.06750823976143],[79.44851443949433,34.067508234160094],[79.40551965462562,34.021903790724245],[79.40551965293767,34.02190378909579],[79.40551965076702,34.02190378820757],[79.37596073637283,34.011413473842104],[79.37596073398227,34.01141347312695],[79.3759607314872,34.01141347315536],[79.13225469358903,34.026477152160176],[79.13225468457225,34.02647715231011],[79.13225467557861,34.02647715164712],[79.13225466668128,34.02647715017661],[79.10166225248943,34.01999176534365],[79.1016622425191,34.01999176268581],[79.10166223287573,34.01999175901471],[79.10166222366198,34.01999175436942],[79.10166221497597,34.019991748799406],[79.09391077579883,34.01443655030579],[79.09391076738956,34.014436543564585],[79.0939107597546,34.01443653595752],[79.08099166075243,34.00009633594512],[79.08099165891862,34.00009633411228],[79.08099165660813,34.00009633293562],[79.07065637424857,33.99549713300065],[79.07065637197321,33.99549713211949],[79.07065636953989,33.99549713193859],[79.06238814555454,33.99529042606391],[79.06238814301697,33.99529042613015],[79.06238814054568,33.99529042670999],[79.03934046518356,34.00195668276538],[79.03934045388874,34.00195668533392],[79.03934044237268,34.00195668657912],[78.93505744984479,34.00715016521494],[78.93505744000382,34.00715016522021],[78.93505743020998,34.007150164258185],[78.93505742055812,34.00715016233818],[78.93505741114173,34.007150159478776],[78.93505740205197,34.007150155707684],[78.9350573933769,34.00715015106141],[78.93505738520051,34.00715014558496],[78.90281134206514,33.983172319407366],[78.90281133381191,33.983172312553215],[78.90281132634045,33.983172304854364],[78.90281131973676,33.98317229639941],[78.90281131407681,33.983172287285676],[78.90281130942579,33.98317227761805],[78.88751510888135,33.946456227919356],[78.88751510572841,33.9464562192433],[78.88751510338895,33.946456210313464],[78.88751510188291,33.946456201205955],[78.88751510122313,33.946456191998365],[78.88751510141522,33.94645618276917],[78.88751510245754,33.94645617359701],[78.88751510434123,33.94645616456005],[78.897540321319,33.90746633942732],[78.89754032454117,33.907466329203075],[78.8975403288393,33.9074663193825],[78.91604048552384,33.87069855093404],[78.9160404880794,33.87069854489816],[78.92875288708568,33.83416331550231],[78.92875289154068,33.83416330475732],[78.94539269247473,33.799824336529916],[78.94539269801531,33.79982432658255],[78.94539270465079,33.79982431732951],[78.9453927122951,33.79982430889076],[78.97619185251426,33.769490256463435],[78.97619185535872,33.769490253418056],[78.99128137025744,33.751920270029224],[78.9912813718679,33.751920267937415],[78.99128137246521,33.75192026536586],[78.99520878040735,33.729673567357956],[78.99520878113105,33.729673560592765],[78.99613895647597,33.70546316864297],[78.99613895723137,33.70546315963165],[78.99613895879772,33.705463150725414],[78.99613896116223,33.70546314199709],[79.01133182736409,33.65799835398708],[79.01133182791523,33.65799835198054],[79.01133182812403,33.65799834991757],[79.01277876785598,33.63368459342175],[79.01277876788207,33.633684591034054],[79.01277876659101,33.63368458902524],[79.00254683540592,33.61934438297037],[79.00254683395092,33.6193443811268],[79.00254683163304,33.61934438150599],[78.9761918559104,33.62497711159183],[78.97619185212739,33.624977112556266],[78.94539271520026,33.634123836485955],[78.94539270501255,33.63412383893877],[78.94539269462412,33.634123840312036],[78.94539268414901,33.63412384059067],[78.91738410116155,33.63340037170161],[78.91738409058749,33.63340037086575],[78.91738408016147,33.63340036891457],[78.91738407000076,33.63340036587003],[78.91738406021969,33.63340036176639],[78.9173840509283,33.633400356649815],[78.8959900596879,33.62009370684339],[78.89599005202354,33.62009370156644],[78.89599004488285,33.62009369559992],[78.89599003832768,33.62009368899548],[78.89599003241479,33.620093681810324],[78.89599002719538,33.620093674106656],[78.89599002271464,33.62009366595119],[78.89599001901136,33.62009365741453],[78.88524134073313,33.59177502437359],[78.88524133747094,33.591775014158856],[78.88524133532125,33.591775003653545],[78.88524133430879,33.59177499297846],[78.8852413344452,33.591774982256325],[78.88689497801239,33.5668928168619],[78.88689497914936,33.566892807074424],[78.88689498124403,33.56689279744636],[78.88689498427607,33.56689278807117],[78.90405155431972,33.52159841079638],[78.90405155492935,33.52159840897916],[78.90405155539759,33.52159840712101],[78.90983931449826,33.49423574037262],[78.90983931488225,33.494235737992554],[78.90983931480028,33.49423573558311],[78.90601525960197,33.44798533827984],[78.90601525946244,33.44798532371003],[78.90756555147314,33.42354238730868],[78.90756555234236,33.42354237905056],[78.90756555389373,33.42354237089303],[78.91252648806578,33.40230336900028],[78.91252649025935,33.40230336109021],[78.91769412363178,33.386257858983775],[78.91769412743358,33.386257849030684],[78.91769413227274,33.38625783953858],[78.91769413809435,33.3862578306152],[78.91769414483228,33.38625782236185],[78.91769415241009,33.386257814872216],[78.96498570578677,33.34425415797127],[78.96498571315595,33.344254152025634],[78.96498572105445,33.34425414680363],[78.96498572941144,33.34425414235208],[78.99344870586452,33.33078182674346],[78.99344870894284,33.330781825349575],[79.02304062633851,33.31798038863482],[79.02304063433951,33.31798038557341],[79.05327756233717,33.30787298519356],[79.05327756449607,33.3078729843586],[79.05327756656838,33.307872983326945],[79.07504814977115,33.29574255898788],[79.0750481573602,33.295742555172296],[79.07504816524568,33.29574255201453],[79.09802820653293,33.287654671840826],[79.0980282169054,33.28765466880921],[79.09802822754445,33.287654666914555],[79.09802823832581,33.28765466617899],[79.0980282491236,33.28765466661109],[79.12503824117421,33.290202603163145],[79.15021349226099,33.292554920939494],[79.15021349726395,33.29255492115495],[79.26006124004094,33.29177628973791],[79.26006124249653,33.291776289599156],[79.26006124492622,33.291776289219115],[79.34030668932378,33.27513188871622],[79.34030669944845,33.27513188715212],[79.34030670968002,33.27513188663212],[79.42008441264454,33.27516911049908],[79.42008441511895,33.2751691103758],[79.42008441722817,33.27516910907603],[79.4560960745013,33.250399035313166],[79.45609607642686,33.250399033840864],[79.45609607573716,33.25039903151713],[79.4234747038866,33.15782503168225],[79.42347470296042,33.157825029417914],[79.42347470123286,33.157825027685575],[79.37317024691059,33.11214023424541],[79.37317023993025,33.112140227246115],[79.37317023367505,33.11214021959185],[79.37317022820613,33.112140211357406],[79.37317022357692,33.112140202623245],[79.37317021983264,33.112140193474715],[79.3731702170099,33.112140184001206],[79.37317021513627,33.11214017429529],[79.37317021423006,33.112140164451816],[79.37317021430013,33.112140154566966],[79.37317021534578,33.112140144737324],[79.38106298505464,33.06176787566208],[79.3810629873128,33.06176786505152],[79.38106299070702,33.061767854748005],[79.38106299519737,33.06176784487279],[79.3992729860131,33.02687754522204],[79.39927298696368,33.02687754316546],[79.39927298478199,33.02687754255423],[79.33978728614693,33.01325735762674],[79.33978727624569,33.013257354816325],[79.33978726668576,33.01325735100307],[79.33978725756842,33.01325734622737],[79.33978724899026,33.01325734053982],[79.33978724104215,33.01325733400067],[79.33978723380827,33.01325732667919],[79.33978722736526,33.01325731865293],[79.33978722178138,33.01325731000693],[79.33978721711577,33.01325730083276],[79.33978721341786,33.01325729122763],[79.33358608962236,32.994292188653],[79.33358608705385,32.99429217927723],[79.33358608540783,32.994292169696365],[79.33358608469986,32.994292160000946],[79.33358608493664,32.9942921502826],[79.33358608611593,32.99429214063316],[79.33358608822658,32.99429213114383],[79.33358609124865,32.99429212190427],[79.33358609515358,32.994292113001805],[79.33358609990447,32.99429210452057],[79.3335861054564,32.9942920965407],[79.33358611175693,32.994292089137616],[79.33358611874651,32.99429208238128],[79.3335861263591,32.99429207633553],[79.33358613452272,32.994292071057515],[79.33358614316026,32.99429206659711],[79.33358615219008,32.99429206299646],[79.37846155239282,32.97888080092691],[79.37846156605127,32.978880797292355],[79.41408948532346,32.97205291669024],[79.41408948753973,32.97205291615833],[79.41408948914108,32.972052914541194],[79.47108866718933,32.90895948970595],[79.47108866896889,32.908959487624216],[79.56409286966664,32.79392790542512],[79.56409287572549,32.793927898594276],[79.56409288238216,32.79392789234455],[79.56409288958112,32.79392788672804],[79.56409289726236,32.793927881791575],[79.61391340860557,32.7650354556231],[79.61391341057463,32.76503545435159],[79.61391341111334,32.76503545207032],[79.62067291464147,32.72872513654419],[79.62067291495443,32.72872513428268],[79.62067291365162,32.72872513240778],[79.57617012678594,32.67064636633467],[79.5761701253299,32.67064636460399],[79.576170123356,32.67064636350989],[79.53120134792809,32.648316811323475],[79.5312013398162,32.64831680681463],[79.53120133215725,32.648316801573166],[79.53120132501721,32.64831679564423],[79.53120131845758,32.6483167890789],[79.53120131253485,32.64831678193371],[79.53120130730004,32.64831677427021],[79.53120130279824,32.6483167661544],[79.53120129906821,32.648316757656204],[79.51574063458744,32.60811974713703],[79.51574063350144,32.60811974471086],[79.51574063170307,32.60811974275337],[79.47211298689962,32.56547177824322],[79.47211298365353,32.56547177491909],[79.4434972733563,32.53477259358454],[79.44349727163652,32.53477259191107],[79.44349726927852,32.5347725914658],[79.40682034721779,32.529683351043964],[79.40682034484469,32.52968335083284],[79.40682034354246,32.52968335282816],[79.37947684653741,32.576449686700535],[79.37947684121526,32.576449694862625],[79.37947683512402,32.57644970246799],[79.3794768283215,32.576449709444425],[79.3794768208723,32.576449715725694],[79.37947681284714,32.57644972125216],[79.37947680432222,32.57644972597135],[79.3794767953785,32.57644972983846],[79.37947678610085,32.57644973281677],[79.3204663420073,32.59226720111724],[79.32046633274986,32.59226720313397],[79.32046632334313,32.59226720426553],[79.3204663138715,32.592267204501766],[79.32046630442005,32.59226720384056],[79.32046629507359,32.592267202287836],[79.32046628591603,32.592267199857545],[79.32046627702958,32.5922671965715],[79.32046626849399,32.59226719245919],[79.32046626038591,32.59226718755754],[79.3204662527781,32.59226718191055],[79.32046624573887,32.59226717556891],[79.3204662393314,32.59226716858954],[79.3204662336132,32.592267161035096],[79.32046622863564,32.5922671529734],[79.28741156259404,32.532579393229135],[79.28741156137225,32.53257939124905],[79.2874115593849,32.5325793900392],[79.23560754611829,32.504296164156486],[79.23560754398054,32.5042961631199],[79.2356075416242,32.504296163422154],[79.21524704619132,32.50791351012349],[79.21524703541075,32.50791351143981],[79.21524702455103,32.50791351157927],[79.21524701374022,32.5079135105402],[79.19116581725709,32.50427032579532],[79.19116580685723,32.50427032365178],[79.16140019341702,32.49646718542005],[79.1614001827756,32.49646718198401],[79.13287480692306,32.485460107829056],[79.13287479725768,32.485460103498305],[79.13287478810457,32.4854600981696],[79.11292771859218,32.47238598311871],[79.11292771088046,32.4723859775213],[79.1129277037365,32.47238597121528],[79.11292769722522,32.47238596425792],[79.1129276914057,32.472385956712394],[79.1129276863308,32.47238594864721],[79.11292768204662,32.4723859401356],[79.10290247074921,32.44985505267352],[79.10290246664925,32.44985504179762],[79.10290246383897,32.449855030519444],[79.09174035746967,32.39055633749458],[79.09174035688113,32.390556335055955],[79.09174035537757,32.39055633304839],[79.07530725259267,32.37079010191557],[79.07530725093933,32.370790100117155],[79.07530724851728,32.37079009980027],[79.06631555448129,32.37006663119969],[79.06631555200869,32.37006663112423],[79.06631554956996,32.3700666315393],[79.03965051895355,32.37598357967899],[79.03965050693016,32.37598358158791],[79.02817836123371,32.37709462442786],[79.02817835047057,32.37709462488724],[79.02817833972047,32.377094624186135],[79.02817832910816,32.37709462233268],[79.01474248038934,32.37399404070531],[79.01474247308559,32.37399403872599],[79.01474246595242,32.373994036200045],[78.9898344343045,32.36409800391556],[78.98983443196627,32.364098003118315],[78.98983442956047,32.36409800255645],[78.97619186664531,32.361617535299196],[78.97619185833614,32.36161753341961],[78.9761918502171,32.361617530839624],[78.97619184234712,32.361617527577955],[78.94342899823589,32.346372987040404],[78.94342899598865,32.34637298612664],[78.94342899361402,32.34637298662157],[78.91128625724595,32.354744567415146],[78.91128625504328,32.3547445680994],[78.91128625311939,32.35474456936],[78.88152063255954,32.376267800149435],[78.8815206276942,32.37626780415847],[78.85568241853017,32.40045236875992],[78.85568240898054,32.40045237664772],[78.7714498308697,32.46166310464145],[78.77144982908045,32.461663106072514],[78.77144982793246,32.461663108049684],[78.75470666587074,32.49380584532872],[78.75470666506543,32.49380584702808],[78.75470666439038,32.493805848783225],[78.73692997380125,32.545792335656955],[78.73692997311953,32.54579233802806],[78.73692997267553,32.54579234045519],[78.7349662683579,32.560649310293066],[78.73496626815054,32.56064931298698],[78.73496626882084,32.56064931560398],[78.74065067542548,32.57868438517714],[78.74065067606783,32.578684386972704],[78.74065067684559,32.57868438871434],[78.74912560320779,32.59586678520162],[78.74912560671888,32.595866793178736],[78.74912560952203,32.59586680143128],[78.74912561159594,32.595866809896556],[78.7491256129249,32.59586681851027],[78.75098595736479,32.612790790831404],[78.75098595795932,32.61279080083995],[78.75098595754864,32.612790810857724],[78.75098595613689,32.61279082078402],[78.75098595373825,32.61279083051906],[78.75098595037686,32.61279083996498],[78.75098594608647,32.61279084902683],[78.75098594091024,32.61279085761351],[78.75098593490019,32.6127908656387],[78.73682663747385,32.62984403375073],[78.7368266311498,32.629844040678606],[78.73682662420441,32.62984404698344],[78.73682661669882,32.62984405260976],[78.73682660869908,32.629844057508066],[78.73682660027555,32.62984406163524],[78.73682659150238,32.62984406495498],[78.71326220227013,32.63751799451404],[78.71326219247761,32.637517997161936],[78.71326218246723,32.63751799880411],[78.71326217234198,32.637517999423665],[78.71326216220606,32.637517999014236],[78.71326215216378,32.63751799758003],[78.71326214231846,32.6375179951358],[78.71326213277142,32.63751799170671],[78.6944519640831,32.6296631959688],[78.69445195489065,32.62966319156736],[78.69445194619394,32.62966318625311],[78.69445193808332,32.629663180081266],[78.69445193064303,32.62966317311592],[78.66489302732982,32.599019064378574],[78.66489302595136,32.599019063054904],[78.6648930244756,32.599019061840586],[78.64773645323851,32.585970766702545],[78.64773645091897,32.58597076513605],[78.64773644843841,32.58597076383983],[78.63016646558879,32.578012595172574],[78.63016646295054,32.57801259415392],[78.63016646021367,32.578012593440974],[78.58985884911128,32.56992523242364],[78.58985884698971,32.56992523209224],[78.58985884484751,32.56992523194455],[78.44754196060578,32.566256205221904],[78.44754195204133,32.5662562046325],[78.447541943559,32.566256203310715],[78.4081645216494,32.558375552331405],[78.40816451021844,32.55837554933154],[78.40816449922123,32.55837554500407],[78.38480680826991,32.54754935844595],[78.38480679991198,32.54754935408217],[78.3848067920022,32.54754934895064],[78.38480678461084,32.54754934309697],[78.38480677780365,32.54754933657319],[78.38480677164114,32.54754932943731],[78.38480676617807,32.54754932175275],[78.38480676146303,32.54754931358784],[78.3848067575379,32.547549305015146],[78.38480675443762,32.547549296110894],[78.38480675218973,32.54754928695423],[78.38098270704856,32.528041486883346],[78.38098270648585,32.52804148459968],[78.38098270449414,32.52804148334849],[78.3588660117046,32.51558666197248],[78.35886600450361,32.515586657505224],[78.35886599770667,32.515586652444334],[78.35886599136263,32.51558664682616],[78.31339074249645,32.47173920464716],[78.31339074074064,32.47173920310789],[78.31339073843229,32.47173920275668],[78.3029521044185,32.47065399852877],[78.30295210206764,32.470653998396685],[78.30295209977416,32.47065399893039],[78.29365034635028,32.473289495044355],[78.29365034403791,32.47328949582399],[78.29365034192202,32.47328949703986],[78.2821781779586,32.480653386817856],[78.28217817569045,32.48065338846159],[78.28217817384794,32.48065339057152],[78.27401330057353,32.49114370199277],[78.27401329918197,32.49114370397287],[78.27401329842124,32.49114370627039],[78.27039594949953,32.504166162568296],[78.27039594894785,32.50416616503846],[78.27039594942593,32.50416616752381],[78.27401329850636,32.51886810776627],[78.27401329917971,32.51886811003266],[78.27401330026939,32.518868112130924],[78.2818681127911,32.53238148908959],[78.2818681168689,32.53238149687326],[78.28186812024767,32.53238150498486],[78.28651899380468,32.54509389276734],[78.28651899772963,32.54509390644038],[78.29292687314833,32.57540212508213],[78.29292687365839,32.57540212708189],[78.29292687448859,32.57540212896358],[78.29943810259519,32.588657129102046],[78.29943810498956,32.588657133422586],[78.30408898160994,32.59615021247199],[78.3040889827915,32.59615021420801],[78.30408898424261,32.59615021571559],[78.31339073916124,32.60503855962424],[78.31339074085328,32.60503856110118],[78.31339074267125,32.60503856241984],[78.33292443014915,32.61790599053776],[78.3329244339871,32.61790599282669],[78.35855593430361,32.63167775609247],[78.35855594282435,32.63167776123272],[78.35855595079202,32.63167776719438],[78.36837445481702,32.63981679037421],[78.36837446137895,32.639816796323196],[78.36837446738873,32.63981680282948],[78.36837447279926,32.63981680984201],[78.37467898197582,32.648782649287035],[78.37467898673205,32.64878265672912],[78.3746789908131,32.64878266456184],[78.3746789941871,32.6487826727241],[78.37777957397543,32.65733510483472],[78.37777957730468,32.65733511601386],[78.38057010178494,32.66919484617897],[78.3805701036918,32.66919485684678],[78.38429080494478,32.699373878720856],[78.38429080564971,32.69937388790758],[78.38429080550611,32.699373897120196],[78.38336063040902,32.714437562956476],[78.38336062923388,32.71443757326097],[78.38088016244124,32.72929453561474],[78.38088015954763,32.729294548019745],[78.37343875696945,32.75397003213221],[78.3734387529879,32.75397004301094],[78.3703381755959,32.76112720855041],[78.37033817067307,32.7611272183911],[78.37033816469885,32.76112722763136],[78.3703381577456,32.76112723615932],[78.3666174817677,32.76520964471136],[78.36661747523661,32.765209651244035],[78.36661746813057,32.765209657146166],[78.36661746051023,32.765209662367404],[78.3666174524406,32.765209666863186],[78.36661744399053,32.76520967059515],[78.3604163049146,32.767612613167415],[78.36041629400988,32.76761261668886],[78.3604162827739,32.76761261893964],[78.35328495629034,32.76862030551733],[78.35328494732191,32.768620306374736],[78.35328493831273,32.76862030642149],[78.3338546123736,32.767845160600125],[78.3338546036657,32.76784515987063],[78.3251729737964,32.76673411819905],[78.32517295972609,32.76673411535981],[78.31773160127909,32.76466707104702],[78.31773159179795,32.764667067895346],[78.31773158267863,32.7646670638133],[78.31773157401217,32.76466705884163],[78.31773156588507,32.76466705302997],[78.31773155837847,32.76466704643633],[78.3177315515673,32.764667039126536],[78.31773154551956,32.76466703117356],[78.31773154029561,32.76466702265679],[78.31545781391276,32.76050713561077],[78.31545780938242,32.76050712618144],[78.31545780586195,32.760507116330416],[78.31545780338986,32.76050710616552],[78.3154578019932,32.76050709579799],[78.31545780168727,32.76050708534128],[78.31545780247542,32.76050707490983],[78.31762820744895,32.74360891676286],[78.3176282076425,32.743608914237164],[78.31762820681314,32.74360891184402],[78.31432091773182,32.73544403917041],[78.31432091667381,32.73544403689791],[78.31432091464302,32.73544403542825],[78.305122514315,32.72947541030933],[78.30512251234524,32.72947540915577],[78.30512251020666,32.72947540838424],[78.27938765706774,32.72149140443747],[78.27938764781155,32.72149140105749],[78.27938763893296,32.721491396782916],[78.26874232005166,32.715703649110665],[78.26874231200588,32.71570364423241],[78.26874230445422,32.71570363861955],[78.26874229746352,32.71570363232177],[78.26874229109568,32.71570362539484],[78.25385949280273,32.69790111155831],[78.25385949103688,32.69790110965779],[78.25385948877008,32.69790110839628],[78.24373091196712,32.69294017318643],[78.24373090981922,32.69294017225699],[78.24373090753528,32.6929401717459],[78.22791792391621,32.69017548390362],[78.22791792166623,32.690175483614986],[78.22791791941049,32.690175483738734],[78.20807417752853,32.692165024350246],[78.20807416661505,32.6921650248447],[78.19153772622846,32.69200999627531],[78.19153771448251,32.6920099954721],[78.19153770291236,32.69200999329396],[78.17851526818924,32.688754384838035],[78.17851525846673,32.68875438187497],[78.17851524909523,32.6887543779403],[78.17851524017152,32.688754373074666],[78.1545373900273,32.67405243750402],[78.1545373876408,32.67405243621505],[78.15453738496592,32.674052435765965],[78.13169640984641,32.67149445269868],[78.13169639937688,32.67149445095949],[78.1146431962958,32.667722076269335],[78.11464318697232,32.66772207372867],[78.1146431779376,32.667722070299945],[78.11464316927601,32.66772206601519],[78.10410121125607,32.66185681019144],[78.10410120301388,32.66185680506674],[78.1041011953073,32.661856799167175],[78.10410118820893,32.66185679254832],[78.10410118178561,32.66185678527252],[78.10410117609787,32.66185677740831],[78.09883019523666,32.65376943812547],[78.09883019376281,32.65376943609589],[78.09883019191189,32.653769434403095],[78.09304243599755,32.64898936728345],[78.09304243410165,32.6489893658639],[78.09304243197121,32.64898936482906],[78.08405074197137,32.64513947601247],[78.08405073375351,32.645139472040796],[78.08405072593202,32.645139467336385],[78.07702275594293,32.64046276529035],[78.07702274850978,32.64046275983333],[78.07702274161089,32.64046275371482],[78.07702273530494,32.64046274698684],[78.07702272964553,32.64046273970659],[78.06989139350387,32.63036001455514],[78.06989138976394,32.63036000987913],[78.05903934276132,32.618345244197194],[78.05903934091026,32.61834524235337],[78.05903933857707,32.61834524117732],[78.04322635500289,32.61139476352038],[78.04322635278842,32.61139476267085],[78.04322635042399,32.61139476248265],[78.00891320448702,32.61030955701336],[78.00891320221251,32.61030955704632],[78.00891320029774,32.61030955826869],[77.9946505088308,32.620360621453656],[77.99465050682022,32.62036062303228],[77.9946505056144,32.62036062528635],[77.98834598316473,32.63377065469851],[77.98834598139514,32.633770658964025],[77.98317834435774,32.64805917554339],[77.98317834048542,32.64805918477657],[77.98317833570923,32.648059193576245],[77.98317833007702,32.64805920185421],[77.9738765866931,32.660358174041555],[77.97387658082673,32.660358181099966],[77.97387657433794,32.6603581875908],[77.9493819538605,32.68270823604646],[77.94938194963582,32.68270824039988],[77.93852990262484,32.695343124399315],[77.93852990096408,32.6953431265628],[77.93852989981504,32.69534312903632],[77.93232873005786,32.710871891392955],[77.93232872922171,32.71087189385325],[77.9323287289149,32.71087189643347],[77.92891808659442,32.76244495390387],[77.92891808549031,32.762444963512074],[77.92891808346319,32.76244497296868],[77.92891808053203,32.762444982185244],[77.92891807672424,32.76244499107555],[77.92271691731018,32.775183204172485],[77.92271691217728,32.77518321343526],[77.92271690609361,32.77518322210329],[77.91052128355891,32.79073780914241],[77.9105212773735,32.79073781630559],[77.91052127053864,32.790737822851945],[77.9105212631155,32.79073782872283],[77.89346805415718,32.80295929443845],[77.89346805229754,32.80295929591102],[77.89346805112397,32.8029592979721],[77.85791467338808,32.87300668826247],[77.85791466894968,32.8730066961092],[77.85791466382265,32.87300670352433],[77.85791465804866,32.8730067104476],[77.8238082247388,32.91034291829346],[77.82380821743511,32.9103429255075],[77.76520714829486,32.962561955440876],[77.76520714521833,32.962561958428836],[77.74215945950073,32.98695323110942],[77.74215945806824,32.98695323276534],[77.74215945678644,32.986953234540614],[77.73254764769024,33.00157765495111],[77.73254764108255,33.001577663881285],[77.73254763352512,33.001577672023444],[77.72107549458356,33.012636399945094],[77.72107548762948,33.01263640605359],[77.7210754801404,33.01263641149294],[77.72107547218047,33.01263641621655],[77.72107546381788,33.012636420183945],[77.7210754551243,33.01263642336114],[77.7210754461742,33.012636425720906],[77.71229049727813,33.01452260640377],[77.71229048861946,33.014522607868464],[77.71229047986569,33.014522608567866],[77.71229047108429,33.01452260849658],[77.71229046234302,33.01452260765516],[77.70329880050433,33.01325654008954],[77.70329879101024,33.013256538281084],[77.70329878173507,33.01325653556456],[77.70329877276546,33.01325653196535],[77.7032987641852,33.01325652751706],[77.69441043826801,33.00808889623262],[77.69441043168304,33.00808889302554],[77.6751868087837,33.00041494691077],[77.675186796107,33.00041494078301],[77.67342981372563,32.9994072600684],[77.67342980349608,32.999407253337125],[77.67342979416595,32.999407245406],[77.65999393290514,32.98648814676004],[77.65999392841883,32.98648814292947],[77.65203576160602,32.980467842352176],[77.65203575979051,32.98046784110097],[77.65203575787162,32.98046784001503],[77.64335412284173,32.976049507275306],[77.64335412023947,32.97604950613293],[77.64335411752376,32.9760495052945],[77.62485396150187,32.97147614333678],[77.62485395251286,32.97147614066161],[77.6157589187921,32.96829804621877],[77.61575891004976,32.96829804269329],[77.61575890167822,32.9682980383603],[77.61575889375187,32.9682980332583],[77.60749068029962,32.962406931162356],[77.60749067214557,32.962406924686974],[77.5810323431601,32.93904918230281],[77.58103234172744,32.939049181129654],[77.58103234021202,32.939049180066135],[77.5668730025845,32.929876615895836],[77.56687299720566,32.92987661286591],[77.5535404822359,32.92341706132177],[77.55354047685262,32.923417059091214],[77.53896772943955,32.918352769924375],[77.53896772382589,32.91835276833423],[77.4978332936394,32.90925771910803],[77.49783328587249,32.90925771706034],[77.49783327829498,32.9092577143959],[77.47767947991709,32.90124787132401],[77.4776794777968,32.90124787058996],[77.47767947561918,32.901247870049474],[77.44398644655762,32.894478258495305],[77.4439864412392,32.894478257721566],[77.39396367472465,32.8899307332477],[77.3939636636902,32.88993073161996],[77.39396365290565,32.88993072877349],[77.3939636425052,32.88993072474371],[77.38900273380823,32.88768281345409],[77.38900272464775,32.887682808719575],[77.38900271602353,32.88768280306688],[77.38900270802728,32.88768279655613],[77.38497196891393,32.88403962802713],[77.38497196213109,32.88403962127955],[77.38497195602412,32.884039613914645],[77.38497195064893,32.88403960599984],[77.37773725916139,32.87220571716423],[77.3777372575444,32.87220571483064],[77.37773725544004,32.87220571292496],[77.37132938225903,32.867038073291916],[77.3713293803052,32.86703807186872],[77.37132937788974,32.86703807177206],[77.34869510491748,32.86724477820452],[77.3486951028051,32.8672447783135],[77.34869510074925,32.86724477877643],[77.21991743478661,32.901997179179446],[77.2199174337011,32.90199717948557],[77.13578820435048,32.926750189755],[77.13578820229824,32.926750190457135],[77.13578820031476,32.92675019133494],[77.08845259212164,32.950211288976625],[77.08845258726318,32.950211291733176],[76.99987919288118,33.00723622774102],[76.99987918487797,33.00723623238449],[76.99987917647984,33.007236236268376],[76.95605757307702,33.02509043877768],[76.95605756693152,33.0250904417878],[76.94014123130161,33.034288843985905],[76.94014122902306,33.03428884547449],[76.94014122692055,33.0342888472028],[76.92753218185018,33.04586436472587],[76.92753217808942,33.045864368571394],[76.90303755808057,33.073769632066096],[76.90303755087781,33.07376963946378],[76.90303754295064,33.073769646079334],[76.8483638903713,33.114800723254795],[76.84836387975622,33.11480073021396],[76.82945031275875,33.12554942394318],[76.82945031084218,33.12554942515073],[76.82945030918285,33.12554942667916],[76.76867883699784,33.18681182518371],[76.76867882990659,33.18681183167599],[76.76867882222464,33.18681183745726],[76.768678814023,33.18681184247411],[76.7545194977742,33.19456329246326],[76.75451948848291,33.19456329694324],[76.75451947877957,33.19456330044226],[76.75451946876741,33.194563302923115],[76.73984339132468,33.19740550135193],[76.73984338267556,33.19740550263754],[76.7398433739472,33.197405503162656],[76.73984336520633,33.197405502923274],[76.62594852353288,33.189292304369225],[76.62594852112203,33.189292304315],[76.62594851879733,33.18929230495653],[76.61189253355494,33.193917344039775],[76.61189253126999,33.193917344918496],[76.61189252920137,33.193917346227366],[76.55856247535675,33.231460257442016],[76.55856246643354,33.23146026304488],[76.55856245697035,33.23146026767777],[76.55856244707222,33.23146027128925],[76.55856243684904,33.23146027383922],[76.55856242641431,33.23146027529938],[76.54243943465633,33.23285553356158],[76.54243942528612,33.23285553393113],[76.54243941592249,33.232855533421336],[76.54243940664779,33.23285553203667],[76.54243939754357,33.232855529789326],[76.5424393886899,33.23285552669904],[76.54243938016462,33.23285552279301],[76.51215701892258,33.21722341710982],[76.51215701659075,33.21722341605445],[76.51215701409225,33.217223415498566],[76.39671187746114,33.197715564048664],[76.39671186682264,33.19771556164783],[76.39671185650884,33.19771555810277],[76.35330366970946,33.180093901056445],[76.3533036594329,33.18009389618679],[76.29428918722648,33.147899486916316],[76.2942891781307,33.14789948130361],[76.2942891696859,33.14789947475219],[76.2810600226459,33.13645316099413],[76.2810600158953,33.13645315457996],[76.28106000977061,33.136453147565675],[76.28106000432494,33.13645314001209],[76.27475550132708,33.12678968202489],[76.27475549604024,33.126789672904344],[76.27475549174295,33.12678966327791],[76.27475548848295,33.12678965325257],[76.27475548629647,33.12678964293975],[76.2747554852078,33.126789632454056],[76.27423872276853,33.11660940475528],[76.27423872250966,33.11660940222203],[76.27423872199364,33.1166093997285],[76.27082807869239,33.10353526797312],[76.27082807779361,33.10353526520278],[76.27082807657735,33.10353526255631],[76.26173302766023,33.08645620663568],[76.2617330262357,33.0864562042845],[76.26173302432929,33.08645620230384],[76.23703169324979,33.06348603170718],[76.2370316911712,33.06348602997496],[76.23703168891689,33.06348602847837],[76.21594770926497,33.05108368750664],[76.21594770727738,33.05108368645511],[76.21594770520285,33.05108368558678],[76.19465701913215,33.0432805458763],[76.19465701461634,33.04328054445991],[76.1527991121392,33.03229930431556],[76.15279910279122,33.032299301366486],[76.10081262583317,33.01304983553284],[76.1008126159687,33.013049831264276],[76.10081260661936,33.01304982596162],[76.08169234885297,33.00080252549062],[76.08169234041695,33.0008025194476],[76.08169233265261,33.00080251256289],[76.08169232564353,33.00080250491062],[76.07549116549517,32.99328359851178],[76.0754911620881,32.993283594782056],[76.05140994985426,32.969460764020724],[76.05140994443549,32.969460759377334],[75.97244836110077,32.91104055614674],[75.9724483552496,32.91104055241733],[75.9546716676895,32.901377062066295],[75.95467166531155,32.9013770609322],[75.95467166282685,32.90137706005548],[75.94361291134283,32.89812144643528],[75.94361290902782,32.89812144587454],[75.94361290698579,32.8981214471011],[75.93596479965618,32.90323741122536],[75.93596479743792,32.90323741289542],[75.93596479541951,32.90323741480192],[75.91984175710023,32.92026478927541],[75.91984174954077,32.920264796467194],[75.91984174127307,32.92026480283215],[75.91167688526225,32.92589752117729],[75.91167687777708,32.92589752586717],[75.91167686990727,32.92589752987823],[75.9116768617142,32.925897533179175],[75.90309859228496,32.92892059749616],[75.90309857892085,32.92892060118677],[75.89379682966322,32.93080678979528],[75.89379682768467,32.930806790281366],[75.89379682575233,32.930806790927306],[75.86961226635238,32.94000519242035],[75.86961225819756,32.940005195127036],[75.86961224984051,32.94000519712369],[75.85855351016731,32.94214976562844],[75.85855350100066,32.94214976696897],[75.85855349174928,32.94214976745544],[75.84604781555143,32.942227280797425],[75.84604780482104,32.942227280286914],[75.84604779420734,32.9422272786283],[75.82641077367784,32.93806733117418],[75.82641076462322,32.9380673288084],[75.82641075582941,32.93806732560652],[75.82641074737343,32.93806732159659],[75.81462854815723,32.931788649687306],[75.81462853906807,32.93178864420542],[75.81462853061115,32.93178863779102],[75.81462852288175,32.93178863051637],[75.8068770851734,32.923675459791745],[75.80687707900448,32.92367545269497],[75.80687707352942,32.92367544505013],[75.80687706879662,32.92367543692483],[75.80687706484794,32.923675428390915],[75.8068770617183,32.92367541952383],[75.80336307800255,32.91199658827655],[75.80336307556844,32.91199657838648],[75.80336307415297,32.911996568300104],[75.80336307377083,32.91199655812207],[75.80336307442597,32.911996547957955],[75.80491336284769,32.898612388672504],[75.8049133647066,32.89861237785716],[75.80491336773939,32.89861236731063],[75.80491337190954,32.89861235715993],[75.81173464785437,32.88429801392338],[75.81173465242374,32.884298005418096],[75.81173465779203,32.88429799739312],[75.81173466390922,32.88429798992325],[75.82424034695099,32.87044872116704],[75.82424035424893,32.87044871387867],[75.85855349920399,32.83954621214559],[75.85855350270975,32.839546208659094],[75.86961225622517,32.82740225169168],[75.86961226007743,32.82740224689935],[75.87653689843671,32.81760956651548],[75.8765368994934,32.817609564890766],[75.87653690042076,32.817609563189],[75.88087771788956,32.80885041394276],[75.88087772305528,32.808850404767504],[75.88666547515757,32.79972952671948],[75.88666548024182,32.799729519442636],[75.88666548595137,32.79972951264535],[75.90330529092805,32.781616931767495],[75.9033052921494,32.78161693033292],[75.90330529325918,32.781616928810074],[75.90929975692396,32.77270274719662],[75.90929975825357,32.77270274497813],[75.9092997590957,32.772702742532616],[75.91240034329184,32.76190237287042],[75.91240034373418,32.76190237108355],[75.91240034404359,32.76190236926908],[75.91322716666959,32.75567536341845],[75.91322716687185,32.75567536095112],[75.91322716586147,32.75567535869082],[75.90340865446886,32.73637423142728],[75.9034086502789,32.7363742220215],[75.90340864707836,32.73637421223473],[75.90340864490118,32.73637420217072],[75.90340864377043,32.736374191936186],[75.901444941253,32.70286206437371],[75.90144494112066,32.702862055735636],[75.90144494173435,32.70286204711838],[75.90144494308952,32.70286203858624],[75.90144494517602,32.70286203020291],[75.9048555823627,32.69131237282501],[75.90485558529475,32.69131236432372],[75.90485558897868,32.69131235612021],[75.92469933411864,32.65196076343329],[75.92469933524868,32.65196076083255],[75.9246993357598,32.651960758043145],[75.92604292140643,32.64118622726507],[75.92604292157014,32.6411862253606],[75.92604292158758,32.6411862234488],[75.92573286335434,32.63056672109166],[75.9257328631556,32.63056671859541],[75.92573286270748,32.630566716132236],[75.9226322775537,32.61733755352886],[75.92263227683316,32.61733755104575],[75.92263227538261,32.6173375489054],[75.92046186795872,32.61446951132686],[75.92046186655604,32.61446950963463],[75.92046186465643,32.614469508537134],[75.91291711609449,32.61054210528702],[75.91291710797867,32.610542100565404],[75.91291710034147,32.61054209510342],[75.89555383542306,32.59684785301445],[75.89555382726435,32.59684784582689],[75.89555381993422,32.59684783779603],[75.86589158126377,32.560571022672015],[75.86589157547078,32.560571014837286],[75.86589157046781,32.56057100647597],[75.86589156630231,32.56057099766744],[75.86589156301386,32.56057098849533],[75.86589156063367,32.56057097904672],[75.86589155918433,32.560570969411316],[75.86589155867962,32.560570959680604],[75.86589155912432,32.560570949946964],[75.86713178846024,32.54747101791849],[75.86713178856924,32.54747101540344],[75.86713178743472,32.54747101315626],[75.85503950454589,32.526283679459056],[75.8550395035061,32.52628367779312],[75.85503950233853,32.526283676214085],[75.84739139208895,32.51674937681899],[75.83912316417828,32.506569121307884],[75.83912316251528,32.5065691194573],[75.83912316067592,32.506569117781645],[75.82858117302827,32.497887479625724],[75.82858117102407,32.49788747813797],[75.82858116866792,32.497887477314016],[75.81803919251873,32.494786896040765],[75.81803918292256,32.49478689267955],[75.81803917371732,32.49478688836125],[75.81803916499817,32.49478688313051],[75.7976786662738,32.48111847770264],[75.79767866418703,32.4811184764455],[75.79767866189552,32.48111847561894],[75.74300503097048,32.46437532190594],[75.74300502233724,32.464375318822654],[75.74300501402266,32.46437531496173],[75.74300500609657,32.46437531035559],[75.7430049986256,32.46437530504298],[75.74300499167252,32.464375299068514],[75.7430049852958,32.46437529248242],[75.743004979549,32.46437528534004],[75.73680383968879,32.45590039404791],[75.73680383407998,32.45590038549706],[75.73680382937377,32.4559003764181],[75.7368038256194,32.45590036690598],[75.73680382285612,32.455900357060166],[75.73256635914458,32.43716767213619],[75.73256635855498,32.437167669982706],[75.73256635777524,32.43716766789087],[75.72936242222357,32.42962291315234],[75.72936242125334,32.42962291112758],[75.72936241963122,32.42962290958158],[75.72316125128395,32.42422272635603],[75.72316124581666,32.42422272221897],[75.70569462168608,32.412802236899196],[75.70569461520861,32.412802232286154],[75.70569460911817,32.412802227172996],[75.6982532096768,32.40603262151747],[75.69825320796535,32.40603262009529],[75.69825320593763,32.40603261917888],[75.68264692877895,32.399805610824295],[75.68264692628368,32.399805609979076],[75.68264692366623,32.399805609678374],[75.61195358765022,32.395464790516215],[75.61195357690613,32.39546478927045],[75.61195356635943,32.395464786871585],[75.61195355613351,32.395464783347684],[75.61195354634799,32.39546477873997],[75.57329960415787,32.37463919152137],[75.57329959558281,32.37463918633074],[75.57329958757047,32.374639180307724],[75.53795292281994,32.34518362724826],[75.53795291536483,32.345183620365624],[75.53795290864554,32.34518361276296],[75.50239953157882,32.30058686205803],[75.50239952997119,32.300586860236955],[75.50239952762165,32.300586860853166],[75.48069543006443,32.307459824614966],[75.4806954276145,32.30745982553538],[75.48069542541126,32.307459826948126],[75.47418420180766,32.31213653947868],[75.47418419467708,32.31213654415275],[75.46477909077471,32.317743432913836],[75.4647790821733,32.317743437489085],[75.45144657035345,32.32402212131688],[75.45144656808068,32.3240221225351],[75.45144656610788,32.32402212419577],[75.44472863320793,32.330300806865544],[75.4447286315193,32.33030080860604],[75.4447286304062,32.33030081076063],[75.44204145812789,32.33619191977025],[75.44204145726101,32.33619192193617],[75.44204145747457,32.33619192425919],[75.4444185695209,32.353193443201114],[75.44441857040874,32.35319345316294],[75.44441857029709,32.35319346316362],[75.44441856918704,32.35319347310313],[75.4444185670897,32.35319348288205],[75.44441856402605,32.35319349240257],[75.44193812651758,32.35975631683114],[75.44193812244092,32.35975632615325],[75.44193811743811,32.359756335012875],[75.44193811156093,32.35975634331828],[75.44193810487023,32.3597563509835],[75.44193809743528,32.35975635792918],[75.44193808933304,32.35975636408342],[75.44193808064738,32.359756369382495],[75.44193807146821,32.359756373771575],[75.44193806189057,32.3597563772052],[75.4419380520136,32.35975637964784],[75.44193804193955,32.3597563810742],[75.43677048717944,32.360221461128496],[75.43677047705576,32.360221461524326],[75.43677046694398,32.36022146089377],[75.4367704569479,32.36022145924329],[75.43677044717012,32.36022145658984],[75.43677043771102,32.36022145296066],[75.42271448593819,32.35399445917872],[75.42271447607393,32.35399445413761],[75.42271446682778,32.353994448036374],[75.42271445831321,32.35399444094988],[75.41413618586988,32.34601044581815],[75.41413618375245,32.34601044405617],[75.41413618129917,32.346010442803774],[75.39036502695356,32.33549429091492],[75.39036502470529,32.33549429004858],[75.39036502229625,32.33549429010122],[75.32711308848234,32.33996429974768],[75.32711307757904,32.33996429992217],[75.3271130667216,32.33996429890842],[75.32711305603907,32.33996429671849],[75.29840293833122,32.33242660561213],[75.29840293602213,32.33242660512345],[75.29840293402553,32.33242660638237],[75.23016728293688,32.38019520684402],[75.23016727052617,32.38019521425673],[75.19616419681985,32.39730010405421],[75.1961641888228,32.39730010764685],[75.19616418054184,32.397300110525265],[75.19616417204058,32.397300112667324],[75.12598759226177,32.41174367253457],[75.12598759003112,32.411743673102144],[75.12598758795197,32.41174367406639],[75.0921912059324,32.42933949647338],[75.09219120029458,32.42933949989991],[75.05488083058711,32.455539441863465],[75.05488082267222,32.45553944688466],[75.05488081432196,32.45553945114272],[75.0548808056097,32.45553945460024],[75.0236682740819,32.46626230210111],[75.02366826402836,32.46626230497685],[75.02366825372947,32.46626230678704],[75.02366824329788,32.466262307511876],[75.02366823284761,32.46626230714343],[74.99069870226354,32.46336843007651],[74.99069869015744,32.46336842826177],[74.99069867836377,32.46336842498145],[74.94842737093867,32.44876983666955],[74.9484273689792,32.44876983608158],[74.9484273669567,32.448769835822965],[74.90698287145965,32.445178324213195],[74.90698286901996,32.44517832412269],[74.9069828667332,32.44517832497778],[74.83814988368431,32.474866425647576],[74.83814987500861,32.47486642892125],[74.83814986606697,32.474866431377244],[74.83814985693628,32.474866432994425],[74.83814984769505,32.47486643375889],[74.83814983842274,32.474866433664076],[74.79939254878988,32.47267018761144],[74.79939253809529,32.47267018642558],[74.79939252759003,32.47267018409751],[74.76352909569414,32.46267079775115],[74.76352909297518,32.46267079715457],[74.76352909020649,32.46267079686519],[74.72497847779495,32.46081044513488],[74.72497847501886,32.460810445156326],[74.7249784723168,32.46081044579332],[74.68932173941123,32.4713524372872],[74.68932173706622,32.47135243811075],[74.68932173523079,32.47135243978641],[74.66255334664949,32.4983792103348],[74.66255334509208,32.49837921206208],[74.66255334407518,32.498379214153736],[74.63258101484308,32.56816823103708],[74.63258101408671,32.56816823302882],[74.63258101368223,32.56816823511238],[74.6295837813969,32.58808949536284],[74.62958378114458,32.58808949798309],[74.62958378199905,32.58808950047276],[74.6369218331424,32.60625376187689],[74.63692183409337,32.606253763951926],[74.63692183523044,32.606253765931804],[74.64798058762419,32.62361704069949],[74.64798059368594,32.62361705168156],[74.6560421057937,32.640670250640355],[74.65604210943509,32.6406702593951],[74.65604211223092,32.640670268455374],[74.65604211415608,32.640670277739716],[74.65604211519324,32.64067028716466],[74.65728234826385,32.660591521174496],[74.65728234830168,32.66059153296108],[74.65728234695241,32.66059154467023],[74.65015100133459,32.70123504509363],[74.65015100107472,32.70123504700718],[74.65015100096358,32.70123504893537],[74.64973759005261,32.723145851216664],[74.64973759015423,32.72314585397716],[74.6497375908628,32.72314585664673],[74.6569722891182,32.745340879294616],[74.65697229014745,32.74534088193261],[74.65697229146954,32.74534088443665],[74.68229373589298,32.78732797287338],[74.68229374136531,32.78732798328732],[74.68229374557677,32.78732799427186],[74.68911502365745,32.80882535485965],[74.6891150261022,32.80882536406355],[74.68911502766035,32.80882537345826],[74.6891150283178,32.808825382958595],[74.68911502806857,32.80882539247838],[74.68911502691493,32.8088254019313],[74.68529098208633,32.83122707048784],[74.68529097992337,32.831227080210674],[74.6852909768039,32.831227089670094],[74.68529097275886,32.83122709877227],[74.68529096782841,32.83122710742688],[74.68529096206142,32.831227115548074],[74.68529095551514,32.83122712305527],[74.6852909482545,32.831227129873994],[74.68529094035155,32.831227135936594],[74.67175178363455,32.840580522764036],[74.67175177539755,32.84058052788291],[74.67175176670347,32.840580532179835],[74.67175175763403,32.84058053561439],[74.67175174827454,32.840580538154285],[74.67175173871306,32.840580539775615],[74.67175172903947,32.840580540463144],[74.67175171934478,32.8405805402104],[74.67175170972017,32.84058053901976],[74.65356167345524,32.837428288757884],[74.65356166461214,32.83742828680931],[74.65356165598156,32.83742828406879],[74.65356164763426,32.83742828055879],[74.65356163963871,32.83742827630808],[74.65356163206046,32.83742827135153],[74.65356162496164,32.83742826572977],[74.63588832016082,32.82208039716601],[74.63588831301372,32.82208039030977],[74.6358883065799,32.82208038278017],[74.63588830092245,32.82208037465108],[74.63588829609685,32.82208036600223],[74.62627649385885,32.802650054822],[74.6262764895624,32.80265004479468],[74.62627648638374,32.802650034359026],[74.62203902249033,32.78541595599398],[74.62203902192009,32.78541595402685],[74.62203902103828,32.78541595218578],[74.61408085226118,32.7704039533789],[74.61408085089225,32.77040395110181],[74.6140808486979,32.77040394960432],[74.5934102799979,32.75787241721119],[74.59341027795696,32.75787241610075],[74.59341027574506,32.75787241538878],[74.57377323709147,32.752549744838],[74.57377323082689,32.75254974356383],[74.52095992213899,32.74528920529415],[74.5209599199954,32.74528920509325],[74.52095991784255,32.74528920507795],[74.50090946745547,32.746012674911505],[74.50090946502819,32.746012675118806],[74.50090946276572,32.74601267602242],[74.48447636113077,32.753531595025144],[74.48447635905953,32.75353159609286],[74.48447635722347,32.753531597527804],[74.45533086316071,32.77859465640271],[74.45533085547581,32.77859466238568],[74.45533084724534,32.7785946675927],[74.45533083854738,32.77859467197439],[74.43869106271427,32.78598438491268],[74.43869105363056,32.78598438842773],[74.43869104424799,32.78598439104239],[74.43869103465556,32.78598439273187],[74.43869102494426,32.78598439348013],[74.43869101520623,32.78598439328007],[74.41895066365164,32.7846149724327],[74.41895065352335,32.78461497120843],[74.41895064357253,32.784614968958586],[74.4189506339027,32.78461496570659],[74.41895062461454,32.784614961486284],[74.38639449288586,32.76776845497593],[74.38639449096549,32.76776845408342],[74.38639448892916,32.767768453531],[74.36768762430314,32.763530986521744],[74.36768762199625,32.76353098611258],[74.36768761966694,32.7635309863646],[74.34619022822349,32.76688995365265],[74.34619022603361,32.76688995409656],[74.34619022404151,32.766889955108496],[74.32934371138782,32.7764242546487],[74.32934370909514,32.7764242561178],[74.3293437071773,32.77642425805065],[74.31632124936303,32.791074522466786],[74.31632124806741,32.79107452405066],[74.31632124705197,32.79107452581899],[74.30650272711102,32.80991058186891],[74.30650272613323,32.80991058398722],[74.3065027274981,32.8099105858796],[74.31593865300005,32.82175000200009],[74.31698845945036,32.823067212099794],[74.3169884650861,32.82306721991597],[74.31698846994338,32.82306722823829],[74.3169884739771,32.82306723698948],[74.31698847714979,32.823067246088286],[74.31698847943201,32.82306725545021],[74.31698848080255,32.82306726498834],[74.3169884812487,32.82306727461409],[74.3169884807663,32.8230672842381],[74.31698847935985,32.823067293771],[74.31698847704239,32.82306730312426],[74.31698847383545,32.82306731221105],[74.3169884697688,32.82306732094699],[74.31698846488021,32.823067329250954],[74.31698845921507,32.82306733704585],[74.31698845282598,32.823067344259286],[74.31698844577227,32.823067350824296],[74.31698843811942,32.82306735667991],[74.3169884299385,32.823067361771756],[74.3169884213055,32.82306736605256],[73.98300826271944,32.96907399437711],[73.98300826031159,32.96907399558996],[73.98300825842067,32.96907399751165],[73.97701379604452,32.975869444158285],[73.97701379234421,32.97586944890042],[73.96006392540744,33.000519102178586],[73.9600639243756,33.00051910381109],[73.96006392347286,33.00051910551902],[73.9594438107111,33.00181100658133],[73.95944380631616,33.00181101474434],[73.95944380118412,33.001811022465255],[73.95623987179765,33.006177668306385],[73.95623986257961,33.00617767915648],[73.95107222806011,33.011448666294434],[73.95107222081624,33.01144867298838],[73.94301071206162,33.018192435327194],[73.94301070500548,33.01819244071606],[73.94301069749915,33.01819244545782],[73.94301068960183,33.01819244951509],[73.92606084210759,33.02596974218774],[73.9260608318495,33.02596974622599],[73.92606082120922,33.02596974911052],[73.90735397519293,33.0299488297037],[73.90735396712064,33.02994883107798],[73.90735395896299,33.02994883178721],[73.90735395077465,33.029948831826644],[73.87376428631751,33.028734436501374],[73.87376427770411,33.028734435816425],[73.85950159314724,33.02697743876279],[73.859501581828,33.026977436701515],[73.84947636814104,33.02454864753117],[73.84947635909231,33.0245486448816],[73.84947635033335,33.02454864139157],[73.84763013442313,33.02371011113269],[73.82973596471895,33.01558278518734],[73.8297359594554,33.015582783147],[73.82912897102517,33.01538615354815],[73.82239791139321,33.01320566893538],[73.82239790882201,33.01320566825267],[73.82239790616687,33.013205668419936],[73.80586145297927,33.015143535025544],[73.805861450288,33.01514353549219],[73.80586144776375,33.01514353653515],[73.78601770017768,33.02465199788962],[73.78601769933418,33.02465199828897],[73.77320194722346,33.030646463276035],[73.7732019451869,33.03064646434688],[73.7732019438482,33.03064646621827],[73.76348678981893,33.045658447046414],[73.76348678395303,33.045658455184345],[73.76348677730131,33.04565846269362],[73.7634867699307,33.045658469498676],[73.76348676191536,33.04565847553103],[73.76348675333598,33.045658480729955],[73.73196415828619,33.06266001103242],[73.73196414598205,33.062660016630524],[73.67274296288086,33.08490671747099],[73.67274296105245,33.084906718242145],[73.67274295929104,33.084906719156194],[73.64049686892923,33.10330352675583],[73.64049686709787,33.10330352790918],[73.64049686562684,33.103303529496614],[73.62251347103013,33.12449086356529],[73.62251346958858,33.12449086544563],[73.62251347134902,33.124490867031334],[73.64535441081196,33.14309434744211],[73.64535441802064,33.14309435391906],[73.64535442456854,33.143094361063376],[73.64535443039414,33.14309436880796],[73.64535443544273,33.14309437708007],[73.6453544396669,33.14309438580202],[73.64535444302699,33.143094394891904],[73.64535444549142,33.14309440426434],[73.64535444703706,33.14309441383132],[73.64535444764941,33.14309442350299],[73.64535444732269,33.14309443318851],[73.64442427586684,33.15438567854084],[73.64442427578811,33.15438568101865],[73.64442427713303,33.154385683101246],[73.64979861859496,33.16185291742415],[73.64979862456676,33.1618529267752],[73.64979862946588,33.161852936730256],[73.6545528495041,33.1730408556656],[73.65455285276276,33.173040864458244],[73.65455285518352,33.173040873517465],[73.65455285674508,33.1730408827636],[73.65455285743371,33.17304089211535],[73.65486291457067,33.18469388161378],[73.65486291429235,33.18469389218821],[73.65486291289858,33.18469390267407],[73.65486291040496,33.184693912954046],[73.65486290683938,33.18469392291309],[73.65486290224176,33.18469393243978],[73.64928187185274,33.194848308949005],[73.64928186608495,33.19484831820792],[73.64928185934298,33.1948483267835],[73.64928185170706,33.19484833457371],[73.64928184326803,33.19484834148585],[73.64080693161742,33.201049496242504],[73.640806920515,33.201049503294435],[73.62075647245128,33.21200490159296],[73.62075647032384,33.212004902898975],[73.62075646888104,33.21200490493629],[73.617655885357,33.216888323559495],[73.61765588404623,33.21688832589302],[73.61765588326512,33.21688832845292],[73.61600223924752,33.22358042061828],[73.61600223805438,33.22358042745959],[73.61538212153042,33.22957488299407],[73.61538211902389,33.229574897163175],[73.6146586699411,33.23244285850028],[73.61465866700517,33.23244286808497],[73.6146586631244,33.23244287732758],[73.61465865833779,33.23244288613522],[73.61465865269345,33.23244289441938],[73.61465864624807,33.23244290209683],[73.61465863906643,33.232442909090416],[73.6146586312207,33.23244291532986],[73.61465862278973,33.23244292075247],[73.61465861385823,33.23244292530375],[73.61465860451592,33.23244292893797],[73.61465859485672,33.232442931618614],[73.61465858497766,33.23244293331874],[73.61465857497804,33.23244293402126],[73.6094910189954,33.23254628506897],[73.6094910083526,33.232546284714736],[73.60949099780782,33.2325462832308],[73.60142949339878,33.23097015604867],[73.60142948382432,33.23097015368116],[73.60142947452965,33.230970150382],[73.59994519311613,33.2303593112332],[73.59471155047224,33.22820546652743],[73.59471154797404,33.22820546565229],[73.5947115453276,33.2282054656095],[73.59442783797431,33.22821605142963],[73.58778691787113,33.22846384657999],[73.58778690590046,33.2284638463093],[73.58778689404797,33.2284638446098],[73.58375614700384,33.22763702435744],[73.58375614445436,33.227637023972655],[73.58375614216804,33.22763702516441],[73.58117232511121,33.229161477740554],[73.58117232305895,33.22916147909495],[73.58117232261267,33.229161481512826],[73.57994007007812,33.23842707624857],[73.57982873612823,33.23926421855536],[73.57982873593613,33.23926422084874],[73.57982873823758,33.23926422084943],[73.58303265642633,33.23910919308663],[73.58303266514054,33.23910919304511],[73.58303267382527,33.23910919376242],[73.58303268241458,33.23910919523309],[73.58303269084324,33.23910919744598],[73.58831799507936,33.240746064479254],[73.58995731100637,33.24125376254846],[73.58995732114484,33.24125376630005],[73.59688194841645,33.24425099249263],[73.59688195804823,33.24425099729258],[73.59688196710844,33.244251003099755],[73.60029255843904,33.24670559587672],[73.60029256628448,33.24670560214422],[73.6002925734618,33.24670560916693],[73.60029257989865,33.24670561687404],[73.6002925855301,33.246705625187836],[73.60029259029939,33.24670563402449],[73.6002925941584,33.24670564329489],[73.60029259706826,33.246705652905575],[73.60029259899959,33.24670566275963],[73.60029259993294,33.2467056727577],[73.60029259985889,33.24670568279896],[73.59915572101727,33.26642017931274],[73.59915572024806,33.266420187198875],[73.59915571885689,33.266420194999355],[73.59491825431671,33.28572133109142],[73.59491825330576,33.285721337922624],[73.59347131382326,33.30429900996742],[73.59347131374996,33.30429901217736],[73.59347131445199,33.304299014269304],[73.5976054276937,33.315021870461905],[73.60029260073809,33.32181731603838],[73.60029260457256,33.32181732782359],[73.60318647371372,33.333031072319386],[73.60318647572994,33.33303108214561],[73.60318647675159,33.333031092124386],[73.6031864767684,33.33303110215532],[73.60318647578019,33.33303111213746],[73.60318647379691,33.333031121970386],[73.60318647083851,33.33303113155515],[73.60318646693477,33.33303114079531],[73.59843225739189,33.342875455091324],[73.59843225277885,33.34287546357178],[73.59843224736957,33.3428754715679],[73.59843224121445,33.34287547900516],[73.58685673150934,33.355562030747706],[73.58685672838482,33.35556203452936],[73.57641809261119,33.369540505194394],[73.5764180912387,33.36954050723693],[73.57641809076551,33.36954050965181],[73.57383426908032,33.38739471301801],[73.57383426885502,33.3873947153647],[73.57383427013998,33.38739471734172],[73.5828259682547,33.399874571742444],[73.58282596939607,33.39987457320831],[73.58282597064336,33.399874574585226],[73.59440147255182,33.41173429780384],[73.59440147860843,33.41173430460263],[73.59440148402152,33.41173431192414],[73.59440148874623,33.411734319707676],[73.59440149274336,33.41173432788869],[73.5944014959798,33.41173433639936],[73.60422001083255,33.44157745156924],[73.60422001175421,33.44157745394703],[73.60422001389028,33.441577455339996],[73.61273192483844,33.44651827719673],[73.61321170895957,33.44679677246364],[73.61321171140554,33.44679677370806],[73.61321171406486,33.44679677438554],[73.6205833993044,33.44824626335435],[73.62241009604041,33.4486054451099],[73.62241010564777,33.4486054474984],[73.6224101149719,33.44860545082514],[73.62241012392138,33.448605455057525],[73.62241013240853,33.44860546015406],[73.6275777177408,33.4520677430641],[73.62757772589558,33.45206774915102],[73.62757773338951,33.45206775603517],[73.62757774014503,33.45206776364528],[73.62757774609217,33.452067771902534],[73.62757775116935,33.452067780721435],[73.627577755324,33.452067790010666],[73.62757775851308,33.45206779967402],[73.6275777607036,33.45206780961145],[73.62757776187284,33.45206781972004],[73.62819787522022,33.461705407204235],[73.62819787530196,33.46170541861622],[73.62819787408291,33.461705429963196],[73.62819787157898,33.46170544109739],[73.62592411509704,33.469663588784314],[73.62592411042957,33.46966360169176],[73.62261682225689,33.477156676191],[73.6226168214138,33.47715667837286],[73.6226168207789,33.4771566806242],[73.61496870929106,33.510126238552935],[73.61496870885736,33.510126240948765],[73.61496870865948,33.510126243375424],[73.61465865136144,33.51966054036348],[73.61465865141412,33.51966054296707],[73.61465865252835,33.51966054532073],[73.61817264671713,33.526171771910114],[73.61817264792637,33.52617177391576],[73.6181726501176,33.52617177474254],[73.6244771678064,33.528212991362],[73.62447717851985,33.528212995525],[73.63098836781317,33.53118437111319],[73.63098837609952,33.53118437537171],[73.63098838395359,33.5311843803829],[73.63098839130721,33.53118438610329],[73.63098839809655,33.53118439248321],[73.63098840426267,33.53118439946729],[73.63098840975206,33.53118440699491],[73.63098841451709,33.53118441500073],[73.63098841851637,33.531184423415255],[73.63501915427577,33.54079617867933],[73.63501915785857,33.54079618868265],[73.63501916035973,33.540796199009655],[73.63501916175102,33.54079620954376],[73.63501916201673,33.54079622016601],[73.63501916115385,33.54079623075649],[73.63284875708489,33.55684172324789],[73.6328487555883,33.556841731616245],[73.63284875338637,33.55684173982725],[73.63284875049499,33.55684174782156],[73.62520064562847,33.57547108361757],[73.62520064254691,33.57547109039405],[73.6252006389698,33.57547109692253],[73.61465865549395,33.593118585187774],[73.61465865100094,33.59311859205284],[73.61465864596028,33.59311859852647],[73.60380660696424,33.605934338189705],[73.60380659915087,33.60593434642041],[73.60380659045524,33.60593435371282],[73.57641809314062,33.62637237507754],[73.57641809122275,33.62637237666509],[73.57641809008105,33.62637237887719],[73.57311080024263,33.633658750804784],[73.57311079935292,33.63365875305313],[73.57311080009781,33.633658755353544],[73.57838178288806,33.64755968141044],[73.57838178580143,33.647559690337246],[73.57838178786464,33.64755969949796],[73.5783817890595,33.64755970881181],[73.57838178937547,33.64755971819668],[73.57838178880975,33.647559727569806],[73.57838178736735,33.64755973684855],[73.57838178506098,33.647559745951085],[73.57641809186148,33.65401926504259],[73.57641809125215,33.65401926748716],[73.57641809140509,33.65401927000194],[73.57745161961547,33.663243507773416],[73.57745162001864,33.66324351024019],[73.57745162113827,33.663243512474374],[73.59564171963343,33.695386243782565],[73.5956417236315,33.695386251635696],[73.59564172692268,33.69538625981031],[73.60029259649555,33.708589561219824],[73.60029259926918,33.70858957050789],[73.6002926011305,33.708589580020856],[73.60029260206204,33.70858958966935],[73.60029260205505,33.7085895993627],[73.59936242739812,33.72747730843906],[73.59936242676332,33.72747731579202],[73.59936242558796,33.72747732307814],[73.59574507885064,33.74561573265833],[73.59574507623716,33.74561574290449],[73.59574507255637,33.7456157528174],[73.5885103817778,33.76233305604947],[73.58851037773378,33.762333064325816],[73.58851037294536,33.76233307219493],[73.58851036745317,33.76233307959003],[73.57641809249999,33.77713836585445],[73.57641809120543,33.77713836758842],[73.57641809040294,33.77713836959774],[73.56721968658555,33.8034416691636],[73.56721968594427,33.80344167130289],[73.56721968630133,33.803441673507784],[73.58251590714787,33.87674467595844],[73.58251590864502,33.876744685344356],[73.58251590924434,33.87674469483001],[73.5825159089404,33.87674470432972],[73.5798287377591,33.9104635378546],[73.57982873653238,33.91046354740825],[73.57982873439221,33.91046355679955],[73.57982873135843,33.910463565941384],[73.5798287274592,33.91046357474894],[73.5798287227307,33.91046358314049],[73.5186438411954,34.007770281858875],[73.51864383988378,34.00777028422202],[73.51864383940256,34.00777028688202],[73.51857557939947,34.00831636510809],[73.51855675928698,34.00846692690715],[73.51843713442913,34.009423928467974],[73.51843713381493,34.00942393265858],[73.5085152603773,34.06838673348035],[73.5085152576517,34.06838674526753],[73.49081132068585,34.128200760256846],[73.4904285088752,34.129494118433506],[73.49042850822816,34.129494121184756],[73.4904285078971,34.12949412399163],[73.4897871934242,34.14005978013472],[73.48939497947222,34.146521502341],[73.48939497946,34.146521508186225],[73.48957128868398,34.149641728283086],[73.49135868284363,34.18127390082608],[73.49135868285491,34.18127391190587],[73.49042850853856,34.198352958696844],[73.490428507701,34.198352967263496],[73.49042850612985,34.19835297572639],[73.47413803024585,34.26900518034478],[73.47409876209079,34.2691754868154],[73.47409875932304,34.26917549654291],[73.47409875558691,34.26917550594111],[73.4740987509206,34.26917551491387],[73.47409874537185,34.26917552336941],[73.47409873899741,34.26917553122125],[73.47409873186248,34.26917553838907],[73.4595260028616,34.282404682542236],[73.45952600130367,34.28240468408754],[73.45952600038015,34.28240468607344],[73.4554952417512,34.29217152231823],[73.45549523866738,34.29217152906865],[73.45549523509143,34.29217153557178],[73.4472270133601,34.30596913132225],[73.4472270050127,34.30596914320151],[73.40712610071124,34.35503590744083],[73.40712609937901,34.35503590922913],[73.40712609857091,34.35503591130756],[73.40020145794836,34.37552561239827],[73.40020145727199,34.37552561479647],[73.40020145855573,34.37552561693181],[73.40383149502742,34.3809202547659],[73.41508426413536,34.3976431207174],[73.41508426894532,34.39764312863405],[73.41508427300208,34.397643136961825],[73.42025191042862,34.40963205345313],[73.42025191504204,34.409632066612566],[73.42537370962896,34.42832662337497],[73.42592266804863,34.43033031823414],[73.42592267010859,34.43033032743528],[73.42686649456803,34.43572864933538],[73.4268664957026,34.435728658084265],[73.42686649606166,34.435728666899095],[73.42676314331213,34.46601104590832],[73.42676314340649,34.46601104816232],[73.42676314370422,34.46601105039882],[73.42748422556431,34.4700285051919],[73.4274842261405,34.470028507666754],[73.4274842272075,34.47002850997294],[73.427749572614,34.47053266642514],[73.42903690493402,34.47293568754098],[73.42903690826202,34.47293569290793],[73.43534142494529,34.48179818947023],[73.4353414304946,34.48179819819304],[73.43534143511367,34.48179820744218],[73.43658166295538,34.48464039553417],[73.4365816670174,34.48464040657253],[73.43751183834769,34.487715139081175],[73.4375118407901,34.487715148934015],[73.43751184222104,34.487715158983704],[73.4378218989459,34.49112578655492],[73.43782189934956,34.49112579442356],[73.43782189913247,34.491125802299564],[73.43606490153685,34.51732574295907],[73.43606490149246,34.51732574538325],[73.43606490168376,34.51732574780011],[73.43668501772291,34.52215748864397],[73.4366850182686,34.52215749153235],[73.43668501915108,34.522157494336476],[73.43813195699805,34.52595570629721],[73.43813195817071,34.52595570891211],[73.43813195963637,34.52595571137529],[73.4431962457818,34.53344878700741],[73.44319625182753,34.533448797208095],[73.44495324044914,34.5368594222323],[73.44495324458947,34.53685943136775],[73.44495324779385,34.536859440872],[73.44495325003004,34.53685945064944],[73.44557336270073,34.54037342604745],[73.44557336378821,34.540373434117654],[73.44557336421545,34.54037344224958],[73.44567671687783,34.5491584248468],[73.44567671717999,34.549158429777215],[73.44619348145264,34.5538093037343],[73.44619348230897,34.5538093089292],[73.44712365633985,34.558046772000644],[73.4471236569289,34.55804677419798],[73.44712365809258,34.558046776152985],[73.45012088911635,34.562594298589424],[73.45012089044751,34.56259430042216],[73.4501208920817,34.56259430197696],[73.45446170912194,34.5663666778126],[73.45446171110822,34.566366679369054],[73.45446171336773,34.56636668049277],[73.4635677910207,34.57033223014827],[73.46407352454166,34.57055246963589],[73.46407352660302,34.570552470426975],[73.46407352876324,34.57055247084009],[73.4941492077973,34.57494496665164],[73.49414921447206,34.57494496717297],[73.49753248403687,34.574981741314275],[73.49890344058898,34.574996643055016],[73.49890344528202,34.57499664288535],[73.50386437837348,34.57458323209422],[73.50386438228128,34.57458323161295],[73.52474165193252,34.57117258835076],[73.52474166555616,34.5711725870737],[73.5269290383444,34.57111790216942],[73.52887576616283,34.57106923462597],[73.52887577959608,34.57106923519431],[73.53306674763229,34.571530242226856],[73.53404340151586,34.57163767365944],[73.53404341095577,34.571637675157355],[73.53404342020957,34.571637677549674],[73.53404342919269,34.57163768081453],[73.55282600321743,34.5794994424453],[73.56577274261299,34.584918516492976],[73.56577274938135,34.584918518772334],[73.57455773631075,34.587192280264496],[73.57455774205225,34.58719228139648],[73.5832393760931,34.58838083892494],[73.58323938312678,34.58838083938578],[73.591243349401,34.58833915223005],[73.59316125186919,34.58832916347792],[73.59316125867186,34.58832916297666],[73.60039595329249,34.58729563414588],[73.60039595577098,34.58729563366222],[73.6003959581008,34.587295632688104],[73.60534621521394,34.58492363514385],[73.60534621727665,34.58492363403223],[73.60534621860347,34.58492363210103],[73.60652063114554,34.58302744428482],[73.60783464861684,34.580892167018945],[73.60783465184812,34.58089216083909],[73.60789883047397,34.58074526269578],[73.6101111226726,34.575616766166],[73.61011112801484,34.575616755561555],[73.61383182299248,34.569208892138874],[73.61383182849038,34.5692088836832],[73.61383183481205,34.56920887582434],[73.6160063357238,34.56676860178953],[73.61843734827463,34.56404046492291],[73.61843735558847,34.56404045752815],[73.61843736363082,34.56404045093305],[73.61843737231469,34.564040445208946],[73.61843738154612,34.56404044041777],[73.61843739122527,34.56404043661134],[73.61843740124742,34.56404043383084],[73.61843741150417,34.564040432106346],[73.61843742188456,34.564040431456505],[73.62328459887998,34.56398956357298],[73.62328459992935,34.563989563567475],[73.62344360406449,34.563989563567475],[73.62344361346497,34.5639895640103],[73.6234436227822,34.56398956533486],[73.62344363193367,34.56398956752942],[73.6234436408383,34.563989570574535],[73.62344364941724,34.56398957444325],[73.62344365759452,34.563989579101296],[73.62344366529771,34.56398958450742],[73.62344367245858,34.56398959061374],[73.6249311951185,34.56538414226435],[73.62923139505045,34.569415579531906],[73.62923140141751,34.56941558607202],[73.62923140716171,34.56941559316544],[73.6292314122352,34.56941560075307],[73.6389465706944,34.58548695354974],[73.638946577081,34.5854869660095],[73.65951378940152,34.633649382971925],[73.65951379234595,34.63364939074693],[73.65951379463436,34.63364939873966],[73.65951379625093,34.633649406894854],[73.66034061448494,34.63897205332337],[73.66034061547971,34.638972062506156],[73.66034061562297,34.638972071741556],[73.66034061491351,34.63897208095078],[73.65972050115977,34.643984670274754],[73.6597204993903,34.643984680331556],[73.65972049660448,34.64398469015548],[73.65786015242422,34.64946236854301],[73.65786014904408,34.649462377162756],[73.65786014488121,34.649462385432926],[73.65786013997128,34.64946239328263],[73.65124556690076,34.65902251956886],[73.65124556353105,34.659022525196036],[73.64917850962907,34.66305328214845],[73.64917850852115,34.66305328463483],[73.64917850769127,34.663053287226845],[73.64793827373094,34.66780751411069],[73.64793827324704,34.66780751640586],[73.64793827364679,34.66780751871692],[73.6489718013782,34.672458393058385],[73.6489718020202,34.672458395401584],[73.6489718028873,34.6724583976712],[73.65083215215552,34.67669586054284],[73.65083215305569,34.676695862383845],[73.65083215424151,34.676695864046984],[73.68080448010338,34.715298152072094],[73.68080448696445,34.71529816211473],[73.68555871175256,34.72325632127288],[73.68555871540251,34.723256327946665],[73.6855587185346,34.723256334878585],[73.69424035615994,34.74459869209243],[73.69424035709669,34.74459869412807],[73.69424035821231,34.74459869607125],[73.70126834967493,34.75565744926102],[73.70126835115718,34.7556574513482],[73.70126835284596,34.755657453272484],[73.70870975578207,34.76330556077148],[73.70870976059852,34.76330556511755],[73.71883833629344,34.7713154082976],[73.71883834071292,34.77131541141908],[73.74023237874788,34.784751281007466],[73.7402323827983,34.78475128329551],[73.75041976506009,34.789895911567044],[73.75056766582522,34.78997060118364],[73.75056766759262,34.78997060199141],[73.75056766941738,34.78997060265915],[73.758422483576,34.79250274601673],[73.75842248572252,34.792502746603944],[73.75842248794784,34.792502746599816],[73.77723269876242,34.791624248864764],[73.77723270740853,34.79162424883515],[73.77723271602488,34.791624249552505],[73.78374392807122,34.79245106877374],[73.78374393655498,34.79245107022441],[73.78374394488259,34.79245107239922],[73.78911827979803,34.79410471432674],[73.78911829205491,34.794104718998156],[73.7965596877696,34.79751535851332],[73.79655969806221,34.79751536397768],[73.79744260609135,34.798052267897845],[73.81563989985787,34.80911818961272],[73.81563990211684,34.80911819083169],[73.81563990448899,34.80911819181169],[73.81950402603398,34.8104861444921],[73.81950402811216,34.81048614512738],[73.81950403023781,34.81048614557934],[73.8411047738391,34.814103495872686],[73.84110477687207,34.814103496191116],[73.84110477992117,34.81410349613613],[73.88384323597654,34.8107050159237],[73.88399619449805,34.810692852508424],[73.88399620513671,34.8106928522305],[73.88399621574467,34.81069285308475],[73.88399622620177,34.8106928550615],[73.88399623638958,34.810692858138346],[73.88743467317158,34.811934515965106],[73.88957726028343,34.812708228502295],[73.88957727078252,34.81270823298652],[73.88957728070208,34.812708238638216],[73.889871474389,34.81289888777343],[73.90807742986114,34.82469716205038],[73.9080774356053,34.824697165256595],[73.91101575517291,34.82609193679343],[73.91624230377023,34.82857289444772],[73.91624231582848,34.828572901231],[73.92378706198944,34.83353382936347],[73.92378706870642,34.83353383418947],[73.92378707500161,34.833533839554036],[73.92526199214717,34.834899950872],[73.92871957694689,34.838102469053695],[73.93001818269295,34.8393052754181],[73.93009158679104,34.8393732643566],[73.93009159395373,34.839373271708965],[73.93009160032501,34.83937327975684],[73.93722293993575,34.84939849718423],[73.93722294125672,34.84939849888131],[73.93722294284389,34.849398500320554],[73.94249866827886,34.853786230949765],[73.94742055801231,34.85787968410011],[73.94766157902095,34.85808013789293],[73.9476615827452,34.85808014070679],[73.9543795154167,34.86267934111932],[73.95437951745188,34.86267934237341],[73.9543795196892,34.862679343215355],[73.95461750589317,34.86275606184273],[73.96223433103857,34.86521148624715],[73.96223433377934,34.86521148696142],[73.96223433658358,34.865211487359815],[73.97815066983227,34.866555073769234],[73.97815068129889,34.86655507541047],[73.98385849187588,34.86771279221159],[73.98910607377879,34.868777160340834],[73.98910608443234,34.86877716312015],[74.0005047612857,34.87243189471616],[74.01214317167945,34.8761634940306],[74.01214317976275,34.87616349701208],[74.01214318755939,34.876163500678274],[74.01214319501153,34.87616350500197],[74.01214320206385,34.87616350995106],[74.01236167079232,34.87633132230085],[74.01236167190987,34.87633132317194],[74.01570899117695,34.87897874877024],[74.0178381681893,34.88066273416005],[74.01783817537533,34.880662740422764],[74.01783818193242,34.880662747341226],[74.01795507226876,34.880798490957545],[74.02247950842252,34.886052674791074],[74.02424604021542,34.88810413222709],[74.02424604616911,34.88810413985898],[74.02424605135705,34.888104148030735],[74.02424605573063,34.88810415666578],[74.02424605924888,34.888104165683224],[74.02993046004546,34.90505401361438],[74.02993046182085,34.90505401815908],[74.03416792675871,34.91451080218925],[74.0341679279185,34.91451080445812],[74.03416792951606,34.91451080644298],[74.03430657718678,34.914666051796814],[74.03665814155994,34.91729914174198],[74.04150598039145,34.92272735426416],[74.04150598209195,34.922727355990936],[74.04150598409484,34.92272735735549],[74.04173080713099,34.922864982932595],[74.05256473288875,34.929496966152975],[74.0525647433802,34.929496973540545],[74.05423651690171,34.930842546846065],[74.05680219021433,34.932907600383466],[74.05680219778839,34.93290760714095],[74.0568022046384,34.93290761463142],[74.0568022106938,34.932907622777705],[74.05680221589219,34.93290763149588],[74.06145307991095,34.94169259896313],[74.06145308396925,34.941692607602434],[74.0614530871854,34.941692616589314],[74.06403690052069,34.950167524724655],[74.06403690277195,34.95016753352285],[74.06403690421573,34.95016754248901],[74.06403690484011,34.95016755154917],[74.06403690463995,34.95016756062862],[74.06300337729779,34.9654637636732],[74.06300337726913,34.965463766531784],[74.06300337756834,34.96546376937466],[74.06445031760992,34.97430043377508],[74.064450318003,34.9743004356979],[74.06445031854614,34.974300437584326],[74.06693078487987,34.981793515197126],[74.06693078585376,34.98179351768155],[74.06693078756666,34.981793519727525],[74.07561242537356,34.99109527400676],[74.0756124289424,34.99109527746805],[74.08532759440536,34.99962188588466],[74.08532759636468,34.99962188743742],[74.08532759847,34.99962188878622],[74.08551834879273,34.99973100408255],[74.09192046685604,35.00339323321111],[74.0975232206462,35.0065981987831],[74.09752322933528,35.00659820436813],[74.09752323740189,35.00659821081969],[74.09752324475996,35.00659821806893],[74.10031374476073,35.00964709610061],[74.10031375118902,35.00964710387809],[74.10031375680082,35.009647112263785],[74.100313761539,35.009647121172314],[74.10031376535531,35.009647130512974],[74.10031376821091,35.009647140190665],[74.10041298706966,35.01005890029796],[74.10134728167674,35.013936224221446],[74.10134728350276,35.01393623384896],[74.10134728437774,35.013936243608974],[74.10134728429327,35.01393625340777],[74.10134728325015,35.013936263151244],[74.1013472812584,35.01393627274585],[74.10134727833717,35.01393628209945],[74.10134727451448,35.01393629112223],[74.09772994670365,35.021429327558856],[74.09772994163994,35.02142933677601],[74.09772993563624,35.02142934541041],[74.09772992875897,35.02142935336656],[74.09266565762455,35.02670033019766],[74.0926656491744,35.026700338034196],[74.09266563987875,35.02670034484647],[74.0881181329956,35.029645889578376],[74.08811812400646,35.0296458947596],[74.08811811452884,35.02964589898153],[74.07602584018949,35.034296773519905],[74.0760258382607,35.03429677435668],[74.07602583640893,35.0342967753531],[74.07492645659067,35.034949531895336],[74.07271854943922,35.03626047682276],[74.0727185473024,35.03626047824528],[74.0727185453233,35.03626047988008],[74.07078771538073,35.03803040777706],[74.06961796242648,35.03910268064396],[74.06961796096317,35.0391026821013],[74.06961795976468,35.03910268377467],[74.06907943606711,35.03992393304304],[74.06755090464716,35.04225494233436],[74.06755090345031,35.04225494436238],[74.06755090245008,35.04225494649444],[74.06620731730236,35.045510556729106],[74.06620731637418,35.045510559400576],[74.06620731607399,35.04551056221249],[74.06600061076941,35.04969634777891],[74.0660006107779,35.04969635039116],[74.06600061133182,35.049696352944146],[74.06755090259759,35.055380755451026],[74.06755090350406,35.05538075815428],[74.06755090471371,35.05538076073627],[74.07654260147294,35.07202056575974],[74.07654260502056,35.07202057139186],[74.08109012785822,35.07827341529368],[74.08109012939661,35.078273417203825],[74.08109013111513,35.07827341895336],[74.08117191904881,35.07834887130332],[74.08842817927952,35.08504302756497],[74.08842818442635,35.085043031717454],[74.0993835843279,35.09274281702217],[74.09938358622692,35.092742818232075],[74.09938358838127,35.09274281888702],[74.12470106634358,35.09920136028477],[74.12470107571187,35.09920136317049],[74.1247010847526,35.09920136695958],[74.12470109337892,35.099201371615635],[74.12470110150792,35.09920137709391],[74.1247011090615,35.099201383341764],[74.12470111596706,35.099201390299164],[74.12470112215826,35.09920139789925],[74.12470112757559,35.099201406069],[74.124701132167,35.09920141472989],[74.12470113588837,35.09920142379872],[74.12470113870395,35.09920143318832],[74.12470114058668,35.099201442808486],[74.12470114151846,35.09920145256677],[74.12470114149035,35.099201462369386],[74.12440141339574,35.1049712401062],[74.12439497998113,35.10509346239558],[74.12439497907053,35.105093471584546],[74.12439497731621,35.10509348065034],[74.12439497473314,35.10509348951566],[74.12439497134332,35.10509349810492],[74.12439496717566,35.10509350634488],[74.1230513981428,35.10747059022593],[74.12305139348048,35.107470597687986],[74.12305138818024,35.107470604711324],[74.12305138228317,35.10747061124156],[74.11933069459155,35.111242974664],[74.11933068832137,35.111242980498915],[74.11933068157488,35.11124298577586],[74.10517134771331,35.12137156073716],[74.10517134595625,35.12137156211776],[74.10517134480214,35.12137156402564],[74.10238082012133,35.12648752668991],[74.10238081895992,35.12648752912524],[74.10238081835116,35.12648753175362],[74.1016573497182,35.13062164092549],[74.10165734942268,35.13062164326665],[74.10165735001992,35.13062164554951],[74.10300093437179,35.134910780488],[74.10300093758366,35.13491079394107],[74.10351769388042,35.13801133441946],[74.10351769498905,35.138011343764845],[74.10351769521426,35.138011353173056],[74.10351769455406,35.13801136256078],[74.10351769301428,35.138011371844875],[74.10351769060857,35.138011380943105],[74.10351768735823,35.138011389774896],[74.10351768329207,35.13801139826204],[74.10351767844607,35.13801140632935],[74.10219272381511,35.139998839175064],[74.10186407240346,35.1404918158429],[74.1018640663239,35.140491824025545],[74.10186405944287,35.140491831546726],[74.10186405183188,35.140491838328295],[74.10186404357005,35.14049184429978],[74.10186403474319,35.14049184939912],[74.10186402544304,35.14049185357333],[74.10036757220564,35.14107380691064],[74.0981433692155,35.141938774939995],[74.09814336003406,35.14193877800783],[74.098143350599,35.14193878017352],[74.09814334099875,35.141938781416776],[74.09814333132326,35.141938781725955],[74.09798595428833,35.14193618840437],[74.09726755155623,35.141924346131646],[74.07933313257537,35.14162872282776],[74.0793331276722,35.14162872298778],[74.07914335967826,35.14164426756889],[74.05161157843231,35.143899314899734],[74.03703508967143,35.14509920904117],[74.03703508702675,35.14509920940237],[74.03703508443579,35.145099210044506],[74.03618788066615,35.145358077313404],[74.03148075793025,35.14679636648976],[74.03148075112921,35.14679636912486],[74.02548629095685,35.14963856928565],[74.02548628835648,35.14963857071429],[74.02548628594458,35.149638572442214],[74.00853407224093,35.16338360992402],[74.00635631396551,35.16515414569943],[74.00635631181738,35.16515414766538],[74.00635630991349,35.165154149868805],[74.00398889409182,35.16824208343188],[74.00398889242734,35.16824208589469],[74.00398889106843,35.168242088538214],[74.00264531703479,35.171290969182984],[74.00264531276589,35.1712909777369],[74.0026453076997,35.1712909858441],[74.00264530188248,35.171290993430475],[74.00264529536743,35.17129100042669],[74.00264528821407,35.17129100676882],[74.0026452804878,35.17129101239888],[73.99871791114064,35.173874806554664],[73.99871790324404,35.17387481124493],[73.99871789495042,35.17387481519091],[73.99871788632973,35.17387481835934],[73.99871787745471,35.173874820723455],[73.99482079324497,35.17472338017984],[73.99465693336322,35.17475905894147],[73.99465693298067,35.174759059023984],[73.99227483031262,35.175267980692674],[73.99227482143817,35.175267982174745],[73.99227481246642,35.175267982853164],[73.99227480347001,35.17526798272244],[73.97670374378126,35.17433990524508],[73.97670373573474,35.174339904437915],[73.97670372777976,35.174339902983206],[73.9684355152945,35.172479555691176],[73.96843550652109,35.1724795532932],[73.96843549800184,35.172479550108015],[73.96068404346397,35.16917226282653],[73.96068404102314,35.16917226193421],[73.9606840384651,35.1691722623929],[73.95879365710158,35.16961532089033],[73.95847973794952,35.16968889622558],[73.9581012573671,35.1697776017549],[73.954069461439,35.17072255462815],[73.95406945497368,35.17072255661384],[73.94921187651542,35.172582905676684],[73.94921187448276,35.172582906561196],[73.94921187289185,35.17258290809861],[73.92430385096209,35.198886191109615],[73.92430384350799,35.19888619821056],[73.9243038353633,35.19888620450749],[73.92430382661438,35.19888620993366],[73.92430381735393,35.198886214431575],[73.9243038076801,35.19888621795355],[73.91498785110844,35.20174410100941],[73.91007167117067,35.20325225238952],[73.89836227296107,35.20684437850842],[73.89836226422283,35.206844380763144],[73.8983622553169,35.20684438222091],[73.89766096578091,35.20692688676638],[73.88782029290208,35.208084613040334],[73.88782028250307,35.20808461371702],[73.88782027209012,35.20808461330782],[73.88782026177628,35.20808461181718],[73.88782025167359,35.20808460926129],[73.86994022818891,35.202555237961604],[73.86994022614125,35.20255523742245],[73.86994022403935,35.20255523723844],[73.86434609722754,35.202302407431034],[73.86434609501198,35.202302407429926],[73.86434609294028,35.20230240820302],[73.86422972811943,35.202351807989544],[73.86337424172785,35.202714984808665],[73.85888147226467,35.20462229293904],[73.85888146988049,35.20462229410525],[73.85888146779801,35.20462229575083],[73.83934778883997,35.22183053630938],[73.8393477811445,35.22183054244339],[73.83934777288337,35.221830547791306],[73.83934776413659,35.22183055230132],[73.8210543271624,35.230150449387985],[73.82105431409734,35.23015045426192],[73.81299139875026,35.23253267900556],[73.8129913985178,35.232532679073934],[73.8096176194084,35.23352059518607],[73.80961760755106,35.23352059788763],[73.80843893780673,35.23371464811248],[73.80121057896987,35.23490468282647],[73.80121057118473,35.23490468379628],[73.80121056334752,35.23490468415281],[73.77630254055245,35.2350597127787],[73.77630253147177,35.235059712422284],[73.77630252246094,35.23505971124297],[73.77309860258801,35.23449127387517],[73.77309859247556,35.2344912715339],[73.77309858266028,35.23449126815699],[73.76989466030238,35.23319936371937],[73.76989465334495,35.233199360600544],[73.76989464664535,35.233199356960704],[73.76658736925397,35.231235661178175],[73.76658736241052,35.23123565672736],[73.76658735595292,35.23123565173317],[73.745813438162,35.21376902535695],[73.7458134330835,35.21376902160807],[73.74188602867831,35.21123687878536],[73.74188602708553,35.21123687784021],[73.7418860254268,35.21123687701568],[73.73868208993316,35.209789938724775],[73.73868208797813,35.209789937939476],[73.73868208592619,35.20978993749638],[73.73568485784854,35.20927317344555],[73.73568485536283,35.209273173144624],[73.73568485285963,35.209273173094644],[73.73227421333569,35.20937652572574],[73.73227421072035,35.20937652594409],[73.73227420830445,35.20937652696924],[73.73219320785023,35.20941608608348],[73.73210894407248,35.20945723816101],[73.73151357399223,35.20974799977034],[73.72783004015254,35.21154693515231],[73.72783003817845,35.21154693622924],[73.72783003630944,35.211546937479596],[73.72214563248546,35.21573272558649],[73.72214563042078,35.215732727285605],[73.72214562876714,35.21573272938668],[73.71553104877083,35.22513783611987],[73.71553104752414,35.22513783808222],[73.7155310470844,35.22513784036503],[73.71480757740665,35.23015044951986],[73.71480757716382,35.23015045228639],[73.71480757723059,35.230150455063075],[73.71511763519106,35.23402618181793],[73.71511763546926,35.23402618403487],[73.71511763632871,35.234026186097296],[73.71759809836134,35.23929716769172],[73.71759810178226,35.23929717588733],[73.71759810446255,35.239297184354136],[73.7175981063811,35.23929719302535],[73.72028527620765,35.2546450687102],[73.72028527729037,35.25464507684844],[73.72028527770188,35.254645085048075],[73.72028527743937,35.25464509325383],[73.71997522077044,35.25888253709363],[73.71997521940555,35.258882547786094],[73.71997521689771,35.258882558269526],[73.71842493182717,35.264101852359566],[73.7184249282829,35.264101862326825],[73.71842492370553,35.26410187186391],[73.71842491814628,35.264101880864075],[73.68886600902069,35.30673492326999],[73.68886600767533,35.30673492543997],[73.68886600655914,35.30673492773612],[73.6874190686513,35.31014556676914],[73.68741906776759,35.31014556919576],[73.68741906740398,35.31014557175204],[73.68710900958543,35.31360788630735],[73.68710900945027,35.313607893286616],[73.68731571475158,35.31769032613491],[73.68731571509099,35.31769032994448],[73.6908297111222,35.3451821808246],[73.69082971187532,35.34518219022054],[73.6908297117404,35.345182199645656],[73.69062300602715,35.348541155120365],[73.69062300549552,35.348541160960124],[73.68989953667437,35.35453562140365],[73.68989953649553,35.354535624220745],[73.68989953663667,35.35453562703984],[73.6902095943716,35.35742950193035],[73.69020959487895,35.35742950492531],[73.69020959574743,35.357429507836116],[73.6915531807983,35.36109852834439],[73.69155318320166,35.3610985338553],[73.69424035612009,35.366369525192724],[73.6942403570719,35.36636952689232],[73.69424035815322,35.366369528512244],[73.71718468906597,35.397995498877954],[73.71718469604542,35.397995509958456],[73.72286909684598,35.408485814259635],[73.72286910210208,35.408485825598866],[73.72441939232876,35.41246490237846],[73.72441939489168,35.412464907926775],[73.72586633224951,35.41515207833337],[73.72586633466913,35.41515208236105],[73.72751997751688,35.41763254618303],[73.72751997894838,35.41763254811956],[73.7275199808758,35.41763254956331],[73.74250614217705,35.42776112834625],[73.74250614388326,35.427761129402036],[73.74250614566871,35.427761130317265],[73.76751753559381,35.43933664855866],[73.76751754093513,35.439336650667016],[73.77692264169049,35.44243723395623],[73.77692265428367,35.442437239081016],[73.78147016124753,35.444659315938665],[73.78147016973996,35.44465932061123],[73.78147017774013,35.44465932608405],[73.78147018517285,35.44465933230571],[73.78415732437728,35.44713976863276],[73.78415733079221,35.447139775120675],[73.7841573365891,35.44713978216626],[73.78415734171972,35.44713978971087],[73.78415734614133,35.4471397976917],[73.78415734981715,35.44713980604231],[73.78415735271656,35.447139814693195],[73.78415735481543,35.44713982357233],[73.78467410898573,35.44987862292302],[73.78467411031751,35.44987863250563],[73.78467411071705,35.44987864217209],[73.78467411018062,35.44987865183191],[73.78467410871323,35.44987866139469],[73.7840539974162,35.45292754508593],[73.78405399561541,35.452927552484994],[73.78405399325683,35.45292755972557],[73.78260705706181,35.45685495732688],[73.78260705526115,35.456854963363334],[73.78167688040467,35.46088571987569],[73.78167688005318,35.460885721709396],[73.78167687983981,35.460885723563706],[73.77847294128007,35.50233021570342],[73.77847293991577,35.50233022615048],[73.77785282559536,35.50568918096785],[73.77785282384225,35.505689188722855],[73.7778528214786,35.50568919631408],[73.77206507919541,35.52196722097957],[73.77206507550453,35.521967229954654],[73.77206507096106,35.521967238529726],[73.77206506560782,35.521967246624016],[73.7720650594952,35.52196725416131],[73.77206505268077,35.52196726107062],[73.77206504522873,35.52196726728688],[73.77206503720925,35.521967272751546],[73.77206502869782,35.521967277413154],[73.77206501977463,35.5219672812278],[73.77185026677637,35.5220469997692],[73.77163689902363,35.522126204860456],[73.75842249664146,35.5270315511039],[73.75842248554844,35.527031554503814],[73.75842247413628,35.52703155659596],[73.75780308304581,35.52710829701027],[73.62954146962622,35.54299957209745],[73.62954145545785,35.54299957283872],[73.56608281070189,35.54181101556943],[73.5660827996978,35.54181101475445],[73.50479455871397,35.53385284574285],[73.50479455634876,35.533852845551024],[73.50479455426336,35.5338528466834],[73.50436912393587,35.53411114331459],[73.50427304666374,35.53416947604046],[73.50355376979059,35.53460617873213],[73.4657271888251,35.557572317175456],[73.46572718077987,35.557572321568564],[73.46572717236617,35.55757232520652],[73.46572716365469,35.55757232805876],[73.46572715471864,35.557572330101316],[73.46564639226716,35.557586931791434],[73.4654648209447,35.55761976154275],[73.4639301035914,35.55789724286342],[73.4425761600388,35.56175811251728],[73.4425761504303,35.561758113777366],[73.44257614074496,35.56175811410149],[73.44257613107372,35.56175811348661],[73.44257612150741,35.5617581119385],[73.44257611213587,35.5617581094717],[73.4425761030471,35.56175810610937],[73.40970992208595,35.547753805735525],[73.40970991992286,35.547753804934175],[73.40970991865652,35.54775380686208],[73.40947657818151,35.548149189033836],[73.40941517786814,35.54825322890338],[73.40894138713526,35.54905604110337],[73.39668746000483,35.56981963945249],[73.39668745886814,35.56981964161391],[73.3966874579485,35.569819643875974],[73.39493046327236,35.57483224948195],[73.39493045886232,35.5748322600738],[73.39234664692782,35.58015491204738],[73.39234664264157,35.58015491995142],[73.39234663766267,35.58015492743851],[73.39234663203138,35.5801549344481],[73.39234662579324,35.58015494092355],[73.3883158812934,35.58397897986245],[73.38831587154124,35.58397898800236],[73.3825281243709,35.588216445816265],[73.38252811676344,35.58821645086916],[73.38252810872673,35.58821645520695],[73.38217689574714,35.5883857890729],[73.37430837283313,35.59217954225204],[73.37384648147665,35.592402239452824],[73.37384646947707,35.592402244308204],[73.36619837131492,35.59493438447844],[73.36619836389141,35.59493438662177],[73.36619835632457,35.59493438818555],[73.36567837505692,35.595021051879996],[73.35472620106863,35.596846413911635],[73.35472618997821,35.59684641512906],[73.34893844284612,35.59715647371775],[73.34893842888995,35.597156473489875],[73.32919804137302,35.595451151949185],[73.32919803905895,35.59545115185724],[73.32919803674632,35.595451151980406],[73.32506392680718,35.59586456261461],[73.32506392116571,35.595864563506886],[73.3108012326307,35.59896514851843],[73.31080122627695,35.598965150347546],[73.30987222162571,35.599300624224384],[73.30708052918496,35.600308735333606],[73.3070805264274,35.60030873652198],[73.30708052383306,35.600308738033824],[73.3068351427276,35.60047232483788],[73.306736925069,35.60053780447606],[73.30397994199822,35.602375792590415],[73.30397994011108,35.6023757939823],[73.30397993906917,35.602375796083166],[73.29922571095807,35.61322783839336],[73.29922570460616,35.61322785054857],[73.29684859993648,35.617103564898905],[73.29684859448243,35.617103572895395],[73.29684858828081,35.617103580327125],[73.29684858138975,35.61710358712447],[73.2904407228457,35.62283965406867],[73.29044071464082,35.62283966066923],[73.29044070578733,35.622839666370396],[73.28996404280628,35.6231122258485],[73.28226659073056,35.62751369410171],[73.25158004078176,35.645060525981144],[73.25158003560605,35.64506052938296],[73.24372522262924,35.65095163799141],[73.24372521755045,35.65095164236237],[73.24031458009503,35.65431060308391],[73.24031456982024,35.65431061191487],[73.2278088844181,35.6636640377921],[73.22780887303439,35.66366404515843],[73.13530806717084,35.71497873872557],[73.13530806499155,35.714978740085996],[73.13530806296374,35.71497874166376],[73.12921024771568,35.72024973421566],[73.12921024603422,35.72024973581159],[73.12921024450806,35.72024973755703],[73.1255928971132,35.72479726020183],[73.12559289578788,35.72479726203324],[73.12559289500597,35.72479726415417],[73.12383589815788,35.73032663780457],[73.12383589752852,35.73032664018764],[73.12383589713762,35.73032664262129],[73.12311242729773,35.73688954438591],[73.1231124269969,35.7368895498605],[73.1231124269969,35.74448598025821],[73.12311242726335,35.74448598541152],[73.128486776157,35.79631744123146],[73.12848677659312,35.79631744395344],[73.1284867776184,35.79631744651241],[73.12993371533064,35.7994180280952],[73.12993371646867,35.7994180302512],[73.12993371800529,35.79941803214419],[73.13262088838363,35.80241526143867],[73.13262088979926,35.802415262893895],[73.13262089132834,35.80241526422905],[73.1513277480956,35.817453096277234],[73.15132775483941,35.81745310221642],[73.15132776102283,35.81745310873703],[73.15132776659591,35.8174531157864],[73.15411827230062,35.82132881880358],[73.15411827724246,35.82132882636556],[73.15411828148171,35.82132883434265],[73.1541182849838,35.82132884266976],[73.15411828772011,35.821328851278935],[73.15411828966835,35.82132886009991],[73.15473839735337,35.82489447636595],[73.15473839854404,35.82489448591392],[73.15473839881155,35.82489449553213],[73.15473839815344,35.824894505131525],[73.15473839657581,35.82489451462323],[73.15473839409324,35.824894523919376],[73.15473839072874,35.8248945329339],[73.15473838651344,35.82489454158333],[73.15298141054178,35.82809844000142],[73.15298140454016,35.82809844961081],[73.15298139749008,35.82809845847966],[73.14957077192777,35.831922492873964],[73.14957076383456,35.831922500964446],[73.14957075487001,35.83192250807732],[73.14957074515154,35.831922514119434],[73.14881620400456,35.83233372622044],[73.12935910893572,35.842937506560645],[73.11970178476508,35.84820058065402],[73.1197017800221,35.848200583593766],[73.11952669689953,35.848323142499],[73.1190967202374,35.84862412580276],[73.108332968822,35.85615875143382],[73.10833296473018,35.85615875462715],[73.09427697976473,35.86835438905126],[73.09427697781,35.86835439094404],[73.09427697607347,35.868354393038665],[73.0922099221372,35.87114491522316],[73.09220991854025,35.87114492082433],[73.09055628409597,35.874142134322504],[73.0905562790326,35.87414214253623],[73.09055627320117,35.87414215022372],[73.090556266656,35.87414215731341],[73.090556259458,35.87414216373928],[73.08838588346548,35.87589913422413],[73.08838587567351,35.875899139931775],[73.08838586736722,35.87589914486106],[73.08838585862415,35.875899148966006],[73.08838584952582,35.87589915220831],[73.08838584015713,35.87589915455773],[73.08816055536528,35.87594421115642],[73.08796649605694,35.87598302319793],[73.08635939227213,35.87630444449451],[73.08528531861013,35.87651925922686],[73.08528530890432,35.87651926067696],[73.08528529910312,35.87651926116874],[73.0852852893009,35.876519260697464],[73.08528527959209,35.876519259267674],[73.08528527007016,35.87651925689314],[73.08528526082682,35.876519253596726],[73.0852852519511,35.87651924941018],[73.08528524352849,35.87651924437382],[73.08063440900786,35.87341868712742],[73.08063440024488,35.87341868056521],[73.08063439225174,35.87341867308441],[73.072469524764,35.864892071689724],[73.07246952329432,35.864892070275474],[73.07246952171401,35.86489206898602],[73.06812870542949,35.861636457222296],[73.06812869966836,35.861636453491066],[73.06430464850354,35.859517721686785],[73.06430464681189,35.859517720831825],[73.06430464506005,35.85951772010765],[73.05955041706186,35.85776072323407],[73.05955041499458,35.857760722570816],[73.05955041287748,35.85776072208985],[73.05272912898928,35.856520488737395],[73.05272912225648,35.85652048798035],[73.0421871370641,35.856055400266094],[73.04218713119874,35.85605540035205],[73.03164514422548,35.85683054630755],[73.031645141732,35.856830546617914],[73.03164513928226,35.856830547177864],[73.01645227380264,35.86111968957403],[73.01645226860607,35.86111969135489],[73.01574358020201,35.86140699673547],[73.00880416120083,35.86422027468462],[73.00880415610523,35.864220277093466],[73.00716807864387,35.86510989500562],[73.00053593472802,35.86871612358027],[73.00053592541975,35.868716128035544],[73.0003827135913,35.86877996622246],[72.98565312231948,35.87491729561927],[72.98565311166377,35.874917299368],[72.98250886868931,35.875827475557514],[72.97779830534374,35.87719105906857],[72.97779829237197,35.877191061905776],[72.97159713649579,35.8781212346127],[72.97159712718131,35.87812123556662],[72.97159711781845,35.87812123564518],[72.8721716797774,35.87429718047424],[72.87217167192154,35.87429717986141],[72.8721716641383,35.87429717863194],[72.86462691790238,35.87279856527573],[72.8646269082222,35.872798562845155],[72.85615198611947,35.87021474435224],[72.85615197826017,35.87021474159345],[72.85615197065772,35.870214738190164],[72.81801478315968,35.851197821707274],[72.81801477514801,35.85119781724229],[72.81801476757914,35.85119781206204],[72.81801476051673,35.8511978062101],[72.81460413106315,35.848097233734315],[72.81460412174843,35.84809722404581],[72.80891972102675,35.84132761978706],[72.80891971707018,35.841327615592604],[72.80612919311552,35.838692121046336],[72.80612919114826,35.83869211937446],[72.80612918860847,35.83869211891201],[72.79848108117508,35.837710266741226],[72.7984810760826,35.83771026635064],[72.79238326212555,35.837555236846924],[72.79238325968834,35.83755523690423],[72.79238325726827,35.837555237199375],[72.75000858976749,35.844841613540424],[72.75000858265247,35.844841614502336],[72.65585412878875,35.85414337192035],[72.6558541258075,35.85414337239895],[72.6558541229061,35.85414337323512],[72.65388826263319,35.854841637331674],[72.55674951887516,35.88934486147616],[72.51560429106084,35.9039594527653],[72.51560428897338,35.903959453621226]]]}}
